msa,origin,horizon,naive_mape,cot_mape,cot_attempts
Atlanta,2021-05-01,4,2.125854730731078,0.3105896516915563,1
Atlanta,2021-05-01,8,5.29908227554625,1.1631586638861746,1
Atlanta,2021-05-01,13,9.223654820641269,4.205665932782306,1
Atlanta,2021-05-08,4,2.2397166533909685,1.1347592856279816,1
Atlanta,2021-05-08,8,6.05609280445132,2.890508879235144,1
Atlanta,2021-05-08,13,9.502387330281458,5.652153438916591,1
Atlanta,2021-05-15,4,3.352994938184642,2.3574796013079373,1
Atlanta,2021-05-15,8,7.468642861937813,5.6559905133712105,1
Atlanta,2021-05-15,13,10.306014195877438,5.878944835690383,1
Atlanta,2021-05-22,4,4.014770694604261,2.804552847175766,1
Atlanta,2021-05-22,8,8.11181245141131,6.297974114750164,1
Atlanta,2021-05-22,13,10.418612471054429,7.031547949393195,1
Atlanta,2021-05-29,4,4.983208773553599,2.2508694127455664,1
Atlanta,2021-05-29,8,8.573774799621772,4.022324433137226,1
Atlanta,2021-05-29,13,10.431115432048395,3.246618715480059,1
Atlanta,2021-06-05,4,5.902290391657421,4.1274572955450335,1
Atlanta,2021-06-05,8,8.59382020184649,5.45179475355839,1
Atlanta,2021-06-05,13,10.085585881640661,5.242374695347318,1
Atlanta,2021-06-12,4,5.803628125377107,4.334865391829185,1
Atlanta,2021-06-12,8,7.452198017762987,3.2538205152382065,1
Atlanta,2021-06-12,13,8.686469640572982,2.428700053176539,1
Atlanta,2021-06-19,4,5.489815501030902,1.109892404728101,1
Atlanta,2021-06-19,8,6.403438380274229,1.9557638947420908,1
Atlanta,2021-06-19,13,7.347956364664186,2.1000379150249717,1
Atlanta,2021-06-26,4,3.9664402794646807,1.2362868951809713,1
Atlanta,2021-06-26,8,4.520145823528913,3.8369027971024456,1
Atlanta,2021-06-26,13,5.174859700925487,2.993638717845885,1
Atlanta,2021-07-03,4,1.948817334263428,0.8125323417356554,1
Atlanta,2021-07-03,8,2.4742342841074643,2.0840940192772393,1
Atlanta,2021-07-03,13,2.811589580364968,4.17011102122276,1
Atlanta,2021-07-10,4,0.16700961003194037,2.685621251641917,1
Atlanta,2021-07-10,8,1.0011602016968726,4.167146374665348,1
Atlanta,2021-07-10,13,1.0990388567060967,6.426153696409701,1
Atlanta,2021-07-17,4,0.30355812779740526,1.9208755265809336,1
Atlanta,2021-07-17,8,1.1051979152887903,1.1552046842704538,1
Atlanta,2021-07-17,13,1.1836503605792272,4.197233527371861,1
Atlanta,2021-07-24,4,0.6658129040518679,0.2474525957140789,1
Atlanta,2021-07-24,8,1.3587209871630732,0.3554792700490077,1
Atlanta,2021-07-24,13,1.3956001615018865,2.10224882056448,1
Atlanta,2021-07-31,4,1.038019355974466,0.7199331971993137,1
Atlanta,2021-07-31,8,1.3535509173581346,0.8475847452776205,1
Atlanta,2021-07-31,13,1.6418886504917587,2.5278087559968414,1
Atlanta,2021-08-07,4,1.7592248589429051,2.228334778011958,1
Atlanta,2021-08-07,8,1.5096614181217618,1.4052421243732298,1
Atlanta,2021-08-07,13,1.9580779066025906,3.180742675796983,1
Atlanta,2021-08-14,4,0.93384186149224,0.789645462285482,1
Atlanta,2021-08-14,8,0.9890295430430095,1.5621949813347833,1
Atlanta,2021-08-14,13,2.3431500497286226,4.220612156246536,1
Atlanta,2021-08-21,4,0.6112118507194888,0.5587903333785725,1
Atlanta,2021-08-21,8,1.3740793724566758,3.1049179159362823,1
Atlanta,2021-08-21,13,3.0215576673309306,6.130023425149915,1
Atlanta,2021-08-28,4,0.3709019942823204,1.241722246986273,1
Atlanta,2021-08-28,8,1.9696645821921044,3.5226208794882083,1
Atlanta,2021-08-28,13,4.087394694087869,6.335128767525655,1
Atlanta,2021-09-04,4,1.2462482647556805,2.9000610888441245,1
Atlanta,2021-09-04,8,3.0994803343891806,1.4745621774734656,1
Atlanta,2021-09-04,13,5.6429244160800165,0.8908825063479632,1
Atlanta,2021-09-11,4,1.524223446753166,0.677770893460243,1
Atlanta,2021-09-11,8,3.3514773791500696,1.5987955781797798,1
Atlanta,2021-09-11,13,6.475655271476834,3.641108676668835,1
Atlanta,2021-09-18,4,2.653970479470622,3.2326126105679607,1
Atlanta,2021-09-18,8,4.213922775390885,5.530017812641827,1
Atlanta,2021-09-18,13,8.188660302344946,5.1746208493997425,1
Atlanta,2021-09-25,4,2.5749821782694298,1.6632431821969482,1
Atlanta,2021-09-25,8,4.044117029105395,2.3845570751960246,1
Atlanta,2021-09-25,13,8.990716766806518,7.560147357901248,1
Atlanta,2021-10-02,4,2.3510555216596924,0.47607250641065796,1
Atlanta,2021-10-02,8,4.084165450102452,0.747473486803901,1
Atlanta,2021-10-02,13,10.016384341081029,12.817428226605385,1
Atlanta,2021-10-09,4,2.043184287422462,0.8484977400251053,1
Atlanta,2021-10-09,8,4.357415619522899,1.1030833778565365,1
Atlanta,2021-10-09,13,11.258679245087064,3.671294123292326,1
Atlanta,2021-10-16,4,1.2419600430729656,0.2999216141435268,1
Atlanta,2021-10-16,8,4.546750957907915,7.018338444096959,1
Atlanta,2021-10-16,13,12.17237109909599,6.71592240374921,1
Atlanta,2021-10-23,4,1.7417706777110173,0.9443020735587176,1
Atlanta,2021-10-23,8,6.354216565064824,2.462532408581234,1
Atlanta,2021-10-23,13,14.282190525387112,10.564282667237764,1
Atlanta,2021-10-30,4,2.3451693141597674,0.8382400099017053,1
Atlanta,2021-10-30,8,7.922018628172649,4.32253989111648,1
Atlanta,2021-10-30,13,15.678313624878548,11.95799772080304,1
Atlanta,2021-11-06,4,3.674612984350328,2.609154526978599,1
Atlanta,2021-11-06,8,10.267313518193506,4.874789405258633,1
Atlanta,2021-11-06,13,17.265630416396917,13.999825020413386,1
Atlanta,2021-11-13,4,5.534828870646897,4.056514980276247,1
Atlanta,2021-11-13,8,12.80612519533484,12.66786135298471,1
Atlanta,2021-11-13,13,18.731892252703126,15.32157677022013,1
Boston,2021-05-01,4,3.8521319675643486,0.7684900071174988,1
Boston,2021-05-01,8,6.760581398864927,3.4843865722703886,1
Boston,2021-05-01,13,8.610160791068548,2.8704462638700723,1
Boston,2021-05-08,4,3.1754916226875816,1.1278687563267564,1
Boston,2021-05-08,8,6.6725418681118125,2.2736033839608147,1
Boston,2021-05-08,13,7.840882743612274,5.8118871957109155,1
Boston,2021-05-15,4,4.065361034395947,2.343668784398549,1
Boston,2021-05-15,8,7.173746721301008,5.712226675754914,1
Boston,2021-05-15,13,7.981646923391598,4.83673094495879,1
Boston,2021-05-22,4,1.98150148726614,1.5349049514354969,1
Boston,2021-05-22,8,4.675109620143568,2.9335411516877805,1
Boston,2021-05-22,13,5.303442463088067,2.1152970642763296,1
Boston,2021-05-29,4,4.653931166134406,3.376890336349493,1
Boston,2021-05-29,8,5.7024737012619235,4.285157610422834,1
Boston,2021-05-29,13,6.353997089298284,3.9123575574899316,1
Boston,2021-06-05,4,6.209886231796802,5.1388749401427996,1
Boston,2021-06-05,8,5.749220440232617,4.5882078795751475,1
Boston,2021-06-05,13,5.971154929497339,3.969129119574491,1
Boston,2021-06-12,4,4.121371778300069,3.1152756048977945,1
Boston,2021-06-12,8,3.3929350749515814,2.288881517031159,1
Boston,2021-06-12,13,3.0663034885604663,2.152488529844649,1
Boston,2021-06-19,4,3.328234880657393,2.4576655223727863,1
Boston,2021-06-19,8,2.7673061865158983,2.9403257599516612,1
Boston,2021-06-19,13,2.3531287338557507,6.061991902341834,1
Boston,2021-06-26,4,2.9989830306903373,4.549744682233045,1
Boston,2021-06-26,8,2.5356231730639522,5.532716377131906,1
Boston,2021-06-26,13,2.9380416756514647,7.773647971127614,1
Boston,2021-07-03,4,3.9490947977711492,4.9102318817105175,1
Boston,2021-07-03,8,2.9950742884710952,4.951558666510771,1
Boston,2021-07-03,13,3.3879158997252405,6.230664907263543,1
Boston,2021-07-10,4,1.3507614347696235,2.17133598509913,1
Boston,2021-07-10,8,1.3075167208704368,2.3068546406661246,1
Boston,2021-07-10,13,2.4861897308115943,2.8807439643552626,1
Boston,2021-07-17,4,1.549929863780521,1.1321237796879948,1
Boston,2021-07-17,8,1.6145077052397483,1.7771227773903153,1
Boston,2021-07-17,13,3.2430104569441225,2.549180472825247,1
Boston,2021-07-24,4,3.1927430987248484,4.95345341540423,1
Boston,2021-07-24,8,2.279762020935931,5.315667557752395,1
Boston,2021-07-24,13,4.733988831507279,3.2512280888722453,1
Boston,2021-07-31,4,1.468711512966668,2.5890036007142054,1
Boston,2021-07-31,8,1.7649070243581428,1.9388311868969568,1
Boston,2021-07-31,13,3.751868684865814,2.734979403170971,1
Boston,2021-08-07,4,1.5822475369716136,3.1725396459614212,1
Boston,2021-08-07,8,2.4869518893968694,3.8533665394788446,1
Boston,2021-08-07,13,3.154694408556421,3.2899197249543066,1
Boston,2021-08-14,4,2.645626313555964,2.9849618345423314,1
Boston,2021-08-14,8,3.3677113346753442,2.934412591940931,1
Boston,2021-08-14,13,3.5770188154354114,3.592261786994265,1
Boston,2021-08-21,4,2.441520977793682,1.7550289627821494,1
Boston,2021-08-21,8,4.045633312197106,3.7894380743215863,1
Boston,2021-08-21,13,4.285790039974324,4.341163238791764,1
Boston,2021-08-28,4,2.2177800841586897,2.6599052180474083,1
Boston,2021-08-28,8,4.756257025773967,6.313039291827308,1
Boston,2021-08-28,13,5.467458537581698,5.912612220973027,1
Boston,2021-09-04,4,4.484368515674112,5.231820734142607,1
Boston,2021-09-04,8,6.616832272631819,8.11084940053655,1
Boston,2021-09-04,13,7.47979145394482,7.934821823210488,1
Boston,2021-09-11,4,7.408969019446101,6.913822078928905,1
Boston,2021-09-11,8,7.107759078271317,7.961051447850545,1
Boston,2021-09-11,13,9.821304020539092,9.253033022882587,1
Boston,2021-09-18,4,6.744954961966732,6.269069190639606,1
Boston,2021-09-18,8,5.031224067177205,5.6513666094666,1
Boston,2021-09-18,13,13.06082127670879,14.811792402145835,1
Boston,2021-09-25,4,4.734851675611211,3.9852827204532404,1
Boston,2021-09-25,8,5.152028131505399,4.796651714232654,1
Boston,2021-09-25,13,18.736745241450652,16.17225835435181,1
Boston,2021-10-02,4,1.90919392650741,4.08548374728094,1
Boston,2021-10-02,8,8.98072620408544,6.153492893398719,1
Boston,2021-10-02,13,29.136364739108465,28.97353615542127,1
Boston,2021-10-09,4,5.024894781126348,7.094688650019955,1
Boston,2021-10-09,8,14.615806398939407,19.259920920120926,1
Boston,2021-10-09,13,39.68266468590059,24.053828608796795,1
Boston,2021-10-16,4,6.761712529776289,7.307111523155283,1
Boston,2021-10-16,8,18.700445523862886,14.671743532215743,1
Boston,2021-10-16,13,47.53397842087112,41.90943763967123,1
Boston,2021-10-23,4,9.172588462153994,4.712157501581406,1
Boston,2021-10-23,8,24.031073896214,16.065972953811485,1
Boston,2021-10-23,13,54.77218411326336,42.63117629733727,1
Boston,2021-10-30,4,10.688106662776294,7.917324748695617,1
Boston,2021-10-30,8,28.258650913509932,19.01959175774396,1
Boston,2021-10-30,13,58.3623588769083,44.012497697884086,1
Boston,2021-11-06,4,13.186923254192514,11.203066864711438,1
Boston,2021-11-06,8,34.21538513195348,29.583112949318906,1
Boston,2021-11-06,13,61.34733108248823,52.29840837548162,1
Boston,2021-11-13,4,16.23649346499939,9.589491895800107,1
Boston,2021-11-13,8,40.72520759658547,37.11210175382551,1
Boston,2021-11-13,13,62.85603455425611,36.0800165431543,1
Chicago,2021-05-01,4,4.373358559902816,2.6577867121066143,1
Chicago,2021-05-01,8,8.023796616859718,4.736696936499552,1
Chicago,2021-05-01,13,12.29476418719008,7.245141991460481,1
Chicago,2021-05-08,4,4.715096775053489,2.906453196230678,1
Chicago,2021-05-08,8,8.441775224877818,5.230577737217338,1
Chicago,2021-05-08,13,12.64097328301506,8.486900983702217,1
Chicago,2021-05-15,4,5.17993267653665,2.111061962977041,1
Chicago,2021-05-15,8,8.817812323844395,5.699136204709953,1
Chicago,2021-05-15,13,12.934278038181453,9.160600302984733,1
Chicago,2021-05-22,4,4.354862246566337,1.7545278872088337,1
Chicago,2021-05-22,8,8.114451330621192,4.491154559698862,1
Chicago,2021-05-22,13,12.133726996077009,8.214739036468714,1
Chicago,2021-05-29,4,4.887626898483082,2.713924203188895,1
Chicago,2021-05-29,8,8.483377147304557,4.155173522003752,1
Chicago,2021-05-29,13,12.25032031110888,8.390928260050403,1
Chicago,2021-06-05,4,5.145840472549586,2.7738647443249054,1
Chicago,2021-06-05,8,8.605751610650461,4.967269292714588,1
Chicago,2021-06-05,13,11.948595553679999,6.358304238808037,1
Chicago,2021-06-12,4,4.83202516517123,2.232088386636259,1
Chicago,2021-06-12,8,8.315893826872445,5.969294943420747,1
Chicago,2021-06-12,13,11.080932611431251,7.491568126276732,1
Chicago,2021-06-19,4,5.205958965624342,2.4781638560129693,1
Chicago,2021-06-19,8,8.553061653132362,3.877614106244521,1
Chicago,2021-06-19,13,10.646562255165284,6.319886781092239,1
Chicago,2021-06-26,4,4.332490007719254,2.418915512168437,1
Chicago,2021-06-26,8,7.56161536864733,3.5801525840506123,1
Chicago,2021-06-26,13,9.029265330999674,3.2565049497133876,1
Chicago,2021-07-03,4,4.256326261781386,0.4889426303402493,1
Chicago,2021-07-03,8,7.085301128956758,5.0351480391757795,1
Chicago,2021-07-03,13,7.952712135488992,4.56364072377718,1
Chicago,2021-07-10,4,4.7379666646467955,2.353669282735946,1
Chicago,2021-07-10,8,6.824390639300875,4.710807235491098,1
Chicago,2021-07-10,13,7.168931535021014,3.655248605892477,1
Chicago,2021-07-17,4,4.487551154431565,1.320571262136153,1
Chicago,2021-07-17,8,5.707508183086694,1.587276854608416,1
Chicago,2021-07-17,13,5.608940267895479,3.1699540969423907,1
Chicago,2021-07-24,4,4.205496277159053,1.56013110603924,1
Chicago,2021-07-24,8,4.606391950778745,1.8076534866155842,1
Chicago,2021-07-24,13,4.0446679166223,3.590909235666596,1
Chicago,2021-07-31,4,3.017676237060285,0.7009100015186143,1
Chicago,2021-07-31,8,2.765047566955219,2.554697276351056,1
Chicago,2021-07-31,13,2.3192808327325976,8.571916018907363,1
Chicago,2021-08-07,4,1.4926671549164947,0.6105161257395825,1
Chicago,2021-08-07,8,0.9028845769401106,1.7616601450716787,1
Chicago,2021-08-07,13,1.9062572739108343,4.703593994701617,1
Chicago,2021-08-14,4,0.5007955043354579,1.1528775763327053,1
Chicago,2021-08-14,8,0.7695171127230829,4.474235783530188,1
Chicago,2021-08-14,13,3.1390994883041214,6.861918293608847,1
Chicago,2021-08-21,4,0.6934643778803177,1.4577038892577325,1
Chicago,2021-08-21,8,1.381437890291236,3.815060807283105,1
Chicago,2021-08-21,13,4.826192439648548,7.207417987489487,1
Chicago,2021-08-28,4,1.202074026662426,2.150225744301791,1
Chicago,2021-08-28,8,2.1111525461743663,3.3620653626400503,1
Chicago,2021-08-28,13,6.8508279189234775,9.749496252843132,1
Chicago,2021-09-04,4,1.0628781891167167,1.8551911000300698,1
Chicago,2021-09-04,8,2.452888151147168,3.625855977101315,1
Chicago,2021-09-04,13,8.703103893671129,4.2064485017257605,1
Chicago,2021-09-11,4,0.45658935993591176,1.3412896809584431,1
Chicago,2021-09-11,8,2.692854311314175,1.4717529266749043,1
Chicago,2021-09-11,13,10.638198436681618,6.296416832781931,1
Chicago,2021-09-18,4,0.8497889240330366,0.5033493106719409,1
Chicago,2021-09-18,8,4.049980706883498,2.3146917362034074,1
Chicago,2021-09-18,13,13.973689074641731,9.29296158617679,1
Chicago,2021-09-25,4,1.3077719574477942,0.8809692034178661,1
Chicago,2021-09-25,8,5.701428987245661,4.814388169919188,1
Chicago,2021-09-25,13,17.69286158440453,16.879668929844406,1
Chicago,2021-10-02,4,2.495341003922796,2.0757280707160666,1
Chicago,2021-10-02,8,8.373567019031139,7.516170711522258,1
Chicago,2021-10-02,13,22.443548694192195,20.41835441003108,1
Chicago,2021-10-09,4,4.0965568238519605,2.935743553893159,1
Chicago,2021-10-09,8,11.612393067095681,5.092508571012033,1
Chicago,2021-10-09,13,27.66668510817266,23.88332859184019,1
Chicago,2021-10-16,4,5.1434658205556705,3.8748480521709525,1
Chicago,2021-10-16,8,14.377676513175128,10.467001067129225,1
Chicago,2021-10-16,13,31.939170427281983,24.525526298749227,1
Chicago,2021-10-23,4,6.827477772136301,5.373650078772975,1
Chicago,2021-10-23,8,17.884285829044984,15.290224483538001,1
Chicago,2021-10-23,13,36.187905942517,37.980433629495515,1
Chicago,2021-10-30,4,8.678334634097759,6.984420614896103,1
Chicago,2021-10-30,8,21.113585029440067,17.22754617369994,1
Chicago,2021-10-30,13,39.29845567166394,31.788777031078514,1
Chicago,2021-11-06,4,10.716249289146,8.530160946702802,1
Chicago,2021-11-06,8,24.39247470238614,19.787844428230166,1
Chicago,2021-11-06,13,41.54188098415384,29.51716590161914,1
Chicago,2021-11-13,4,12.843216594107298,6.994999386827051,1
Chicago,2021-11-13,8,27.546563148932524,15.235613620306179,1
Chicago,2021-11-13,13,43.01433932014802,21.166062732050445,1
Dallas,2021-05-01,4,1.9439377482731883,0.7231004281599474,1
Dallas,2021-05-01,8,4.439429128567643,2.6648868860238637,1
Dallas,2021-05-01,13,9.158079866160838,2.791316077543337,1
Dallas,2021-05-08,4,2.0189907326448777,0.06951915130184065,1
Dallas,2021-05-08,8,5.189495205808099,1.5497412213514343,1
Dallas,2021-05-08,13,10.115525336785293,5.463319338458785,1
Dallas,2021-05-15,4,2.290611870066562,0.3418547092821658,1
Dallas,2021-05-15,8,6.121928862523192,2.797127159821111,1
Dallas,2021-05-15,13,11.137063892758785,6.340897824163205,1
Dallas,2021-05-22,4,2.879739399733489,0.9501396157063922,1
Dallas,2021-05-22,8,7.240725786452922,3.985570847338713,1
Dallas,2021-05-22,13,12.161813173729838,7.4574868728956325,1
Dallas,2021-05-29,4,3.928143852895856,1.9104232139156303,1
Dallas,2021-05-29,8,8.466917621998862,5.097205007173288,1
Dallas,2021-05-29,13,13.099775900049556,8.200545607925774,1
Dallas,2021-06-05,4,5.146523140173553,2.7702172541366314,1
Dallas,2021-06-05,8,9.649396193222124,7.544067300910393,1
Dallas,2021-06-05,13,13.76491034167065,10.95824983866609,1
Dallas,2021-06-12,4,6.056817323315109,3.730161511154491,1
Dallas,2021-06-12,8,10.43682849343741,6.388475272643361,1
Dallas,2021-06-12,13,13.82416330170254,8.2386681393908,1
Dallas,2021-06-19,4,6.538849645442317,3.9092595448540326,1
Dallas,2021-06-19,8,10.689031220985386,4.533182597190948,1
Dallas,2021-06-19,13,13.199574664313603,6.473183399915188,1
Dallas,2021-06-26,4,5.991693199185782,3.4586976514293286,1
Dallas,2021-06-26,8,9.874009574501077,5.53877135950311,1
Dallas,2021-06-26,13,11.485821163951595,4.841718772723609,1
Dallas,2021-07-03,4,5.730797152208898,2.5318983528064094,1
Dallas,2021-07-03,8,9.101652461555522,3.9419087178238277,1
Dallas,2021-07-03,13,9.774503453478403,5.9297968328736355,1
Dallas,2021-07-10,4,5.733624083306308,2.4825535742618117,1
Dallas,2021-07-10,8,8.288536262385312,2.7521888876356346,1
Dallas,2021-07-10,13,8.03990225373951,3.8457697453784476,1
Dallas,2021-07-17,4,5.425652032086836,0.6890251164079874,1
Dallas,2021-07-17,8,6.941367140873002,1.725667491220632,1
Dallas,2021-07-17,13,5.8534341767333515,3.8585952716741243,1
Dallas,2021-07-24,4,4.931627752385058,0.4147151009355526,1
Dallas,2021-07-24,8,5.338513566618648,2.8941086169970114,1
Dallas,2021-07-24,13,3.9993440458991967,9.376850140184665,1
Dallas,2021-07-31,4,3.7385547166886592,0.9529609107275641,1
Dallas,2021-07-31,8,3.1411766343466865,2.146331876055132,1
Dallas,2021-07-31,13,3.2237303775348463,13.434857258672125,1
Dallas,2021-08-07,4,2.0842739124283995,0.7194091627585923,1
Dallas,2021-08-07,8,1.6601591847336477,7.9123725376724865,1
Dallas,2021-08-07,13,3.7883448710718777,5.748665340443727,1
Dallas,2021-08-14,4,0.650873361473618,2.6630351556778975,1
Dallas,2021-08-14,8,2.1740419577025243,5.957275207988308,1
Dallas,2021-08-14,13,5.441000698473609,12.472866303697918,1
Dallas,2021-08-21,4,1.1269702056581115,2.6525704763236506,1
Dallas,2021-08-21,8,3.4888587222286533,5.624802742652369,1
Dallas,2021-08-21,13,7.293089210315099,10.979946626891863,1
Dallas,2021-08-28,4,2.112075690564183,2.9218620690396198,1
Dallas,2021-08-28,8,4.813894130013141,5.738064360744215,1
Dallas,2021-08-28,13,9.165850432645039,11.297702066279307,1
Dallas,2021-09-04,4,2.78067189650584,3.271093517464075,1
Dallas,2021-09-04,8,5.656792468330581,6.567829458372334,1
Dallas,2021-09-04,13,10.731417806830473,7.748376865928782,1
Dallas,2021-09-11,4,2.9761888568951993,2.1395333247602717,1
Dallas,2021-09-11,8,5.980741665600904,7.157631064924483,1
Dallas,2021-09-11,13,11.966498281514184,5.2807642327092035,1
Dallas,2021-09-18,4,3.1914784194176358,3.8424090113868874,1
Dallas,2021-09-18,8,6.340566404083658,0.32292381865524367,1
Dallas,2021-09-18,13,13.47293506019871,3.0489044560659004,1
Dallas,2021-09-25,4,3.655352160395811,1.6369601803785587,1
Dallas,2021-09-25,8,6.969337795425648,3.2333855887198863,1
Dallas,2021-09-25,13,15.486537784675075,8.897289858747524,1
Dallas,2021-10-02,4,3.681825847649472,0.9267213766110518,1
Dallas,2021-10-02,8,7.599241691896172,1.8131733212893193,1
Dallas,2021-10-02,13,17.617063744429714,6.156897900767079,1
Dallas,2021-10-09,4,3.7536153539541623,0.8683440064949104,1
Dallas,2021-10-09,8,8.609289335949862,3.3184707358710486,1
Dallas,2021-10-09,13,20.281192828343066,17.51698145587342,1
Dallas,2021-10-16,4,3.8465057795700086,1.7416959777000356,1
Dallas,2021-10-16,8,9.859935105888068,8.18762890510697,1
Dallas,2021-10-16,13,23.150000539055384,15.645827179918593,1
Dallas,2021-10-23,4,4.051462950525753,1.4116220844284506,1
Dallas,2021-10-23,8,11.53890389696878,3.5999070490518696,1
Dallas,2021-10-23,13,25.89072093593278,12.842789291540704,1
Dallas,2021-10-30,4,5.300640488614292,2.5300643965448955,1
Dallas,2021-10-30,8,13.97283157200656,8.41425052859327,1
Dallas,2021-10-30,13,28.61712964036691,18.485287730310834,1
Dallas,2021-11-06,4,7.036885950012656,3.68430820621639,1
Dallas,2021-11-06,8,17.08415961339977,10.59648932562125,1
Dallas,2021-11-06,13,31.072865356869283,23.019927313808346,1
Dallas,2021-11-13,4,8.79736638899924,5.730447906077492,1
Dallas,2021-11-13,8,20.320183161345838,17.314553524416816,1
Dallas,2021-11-13,13,32.807948905124455,25.698561555292304,1
Detroit,2021-05-01,4,5.900853646412487,5.052763326650635,1
Detroit,2021-05-01,8,11.191566900177682,9.728423003382748,1
Detroit,2021-05-01,13,17.801246512756997,16.086203068976744,1
Detroit,2021-05-08,4,6.280406313790254,5.143996165418315,1
Detroit,2021-05-08,8,11.974724381482128,9.82909650908387,1
Detroit,2021-05-08,13,18.584208688130815,16.28717354080655,1
Detroit,2021-05-15,4,6.837744993906244,2.962340824772071,1
Detroit,2021-05-15,8,12.683671735175428,10.096911521045568,1
Detroit,2021-05-15,13,19.288506809683966,9.215448687233401,1
Detroit,2021-05-22,4,6.685982618644946,5.4057962240784905,1
Detroit,2021-05-22,8,12.780145854920349,10.386880276416338,1
Detroit,2021-05-22,13,19.335894227223054,15.805300697811814,1
Detroit,2021-05-29,4,7.638445170244154,2.6758291963568515,1
Detroit,2021-05-29,8,13.559694672248481,7.37552028980175,1
Detroit,2021-05-29,13,19.937670566466835,8.562413844031846,1
Detroit,2021-06-05,4,8.552501284458648,4.967296658877872,1
Detroit,2021-06-05,8,14.23807362364495,11.663191097816563,1
Detroit,2021-06-05,13,20.26123929915527,16.61235945852278,1
Detroit,2021-06-12,4,8.35354497715373,7.275460393298734,1
Detroit,2021-06-12,8,14.111937595075725,12.34311500573033,1
Detroit,2021-06-12,13,19.64686132122278,17.12653354163612,1
Detroit,2021-06-19,4,8.71564956588973,5.5199357637069815,1
Detroit,2021-06-19,8,14.33735763026745,9.241657994359162,1
Detroit,2021-06-19,13,19.26052539721395,12.013682643461268,1
Detroit,2021-06-26,4,7.5625007777275215,9.210922354217013,1
Detroit,2021-06-26,8,13.223022549476731,12.213933764407688,1
Detroit,2021-06-26,13,17.520269265226414,18.364422319852096,1
Detroit,2021-07-03,4,7.314876251145821,5.991485183571435,1
Detroit,2021-07-03,8,12.749993832234097,10.509381790456821,1
Detroit,2021-07-03,13,16.287183704848566,12.926726397831281,1
Detroit,2021-07-10,4,8.274611160780724,4.405596992288512,1
Detroit,2021-07-10,8,12.98778742074489,8.651519822231734,1
Detroit,2021-07-10,13,15.669341679693172,9.914161482675363,1
Detroit,2021-07-17,4,7.893647625283778,6.0015943297351955,1
Detroit,2021-07-17,8,11.874395736229742,7.123803335694992,1
Detroit,2021-07-17,13,13.730443074584825,8.72661581245307,1
Detroit,2021-07-24,4,7.977130112315145,6.2729838596653735,1
Detroit,2021-07-24,8,11.060045181831027,8.242144735442272,1
Detroit,2021-07-24,13,12.050497737071868,7.20214389724705,1
Detroit,2021-07-31,4,6.936183667001461,4.607489804544403,1
Detroit,2021-07-31,8,9.083026150676385,6.519494873184072,1
Detroit,2021-07-31,13,9.264830942197793,6.241424051023267,1
Detroit,2021-08-07,4,5.1577504420647635,0.8271303619688619,1
Detroit,2021-08-07,8,6.522565964983378,3.6874740951962317,1
Detroit,2021-08-07,13,5.982236526278529,3.4880949627617035,1
Detroit,2021-08-14,4,4.238380473531435,1.138334382677906,1
Detroit,2021-08-14,8,4.876455354355914,4.432444415521262,1
Detroit,2021-08-14,13,3.7740188121963865,3.312180905595921,1
Detroit,2021-08-21,4,2.989613462550076,1.4050943339324604,1
Detroit,2021-08-21,8,2.9136910805293743,1.1238436421564069,1
Detroit,2021-08-21,13,2.778977974622263,7.990908192644645,1
Detroit,2021-08-28,4,1.502023567764249,1.0107758874117796,1
Detroit,2021-08-28,8,1.2170865460839841,2.380448928731471,1
Detroit,2021-08-28,13,3.322920634034787,6.088212265765768,1
Detroit,2021-09-04,4,0.6158296881977207,0.7633131464802702,1
Detroit,2021-09-04,8,1.2154774089395872,2.823124719453501,1
Detroit,2021-09-04,13,5.006902697685348,9.484813127654322,1
Detroit,2021-09-11,4,0.2957930351275878,0.8700659270853818,1
Detroit,2021-09-11,8,1.8816113054648296,4.131779755384679,1
Detroit,2021-09-11,13,7.319483721142758,3.827322815376267,1
Detroit,2021-09-18,4,0.9840724935852134,2.276122425589583,1
Detroit,2021-09-18,8,3.101359245867121,5.512463993031457,1
Detroit,2021-09-18,13,10.25785946423788,14.330339078365196,1
Detroit,2021-09-25,4,1.3842780666436665,0.9147939384372351,1
Detroit,2021-09-25,8,4.063066022035128,7.030972237916055,1
Detroit,2021-09-25,13,12.925128536901163,14.307475264503877,1
Detroit,2021-10-02,4,2.2504805678072297,2.7444051613448246,1
Detroit,2021-10-02,8,5.739068867436104,6.46676640047172,1
Detroit,2021-10-02,13,16.32218858750657,18.03242537473092,1
Detroit,2021-10-09,4,2.8804913348501824,0.25938328151412265,1
Detroit,2021-10-09,8,7.74826611087914,2.838845812910563,1
Detroit,2021-10-09,13,19.857453318125085,14.203076796196203,1
Detroit,2021-10-16,4,3.0294800439416347,0.5273728737954129,1
Detroit,2021-10-16,8,9.678821723473428,4.753790089005702,1
Detroit,2021-10-16,13,22.991292938853274,14.034299519449785,1
Detroit,2021-10-23,4,3.7782025401460686,2.0531517064214593,1
Detroit,2021-10-23,8,12.21564343003245,9.167483242188526,1
Detroit,2021-10-23,13,26.31390746869294,21.105852438090082,1
Detroit,2021-10-30,4,4.794062226704407,1.48380671655057,1
Detroit,2021-10-30,8,14.6796690592979,7.044195176898134,1
Detroit,2021-10-30,13,28.978204929101015,14.780796221924025,1
Detroit,2021-11-06,4,7.733192675019717,6.249156495491001,1
Detroit,2021-11-06,8,18.770220360901135,15.8411238205315,1
Detroit,2021-11-06,13,32.73554464699759,29.583571132958586,1
Detroit,2021-11-13,4,10.646526348036788,9.754060830501984,1
Detroit,2021-11-13,8,22.32409920471686,19.891328924663057,1
Detroit,2021-11-13,13,35.40739190298016,30.939325143286624,1
Houston,2021-05-01,4,1.497642578827487,0.5817458165397394,1
Houston,2021-05-01,8,4.436522610202324,2.793937132972331,1
Houston,2021-05-01,13,9.268503819020651,6.853673245583056,1
Houston,2021-05-08,4,1.8991003119502545,1.0563652615805774,1
Houston,2021-05-08,8,5.655751717373255,4.1115013929283695,1
Houston,2021-05-08,13,10.490890026749987,8.537451989865058,1
Houston,2021-05-15,4,2.569553617223045,1.3935738168750644,1
Houston,2021-05-15,8,6.906900474895789,4.413293570689588,1
Houston,2021-05-15,13,11.670702929135915,9.52418702937301,1
Houston,2021-05-22,4,3.4121107103362385,2.045133220513487,1
Houston,2021-05-22,8,8.076876249971738,5.156945042240174,1
Houston,2021-05-22,13,12.631663335019065,9.133753337526056,1
Houston,2021-05-29,4,4.88741083635542,2.932682551146245,1
Houston,2021-05-29,8,9.418022363213241,5.787355116728649,1
Houston,2021-05-29,13,13.616350141927475,10.883222696145703,1
Houston,2021-06-05,4,6.148916463759329,4.582428631373618,1
Houston,2021-06-05,8,10.292044440346048,8.119551650703166,1
Houston,2021-06-05,13,14.001945040045161,11.456610729253997,1
Houston,2021-06-12,4,6.619454061486002,5.346720012045265,1
Houston,2021-06-12,8,10.487996682947218,8.276364192717713,1
Houston,2021-06-12,13,13.552703148672462,10.168179685434744,1
Houston,2021-06-19,4,6.584043452625653,4.312849436594683,1
Houston,2021-06-19,8,10.149849093228639,6.221824629318629,1
Houston,2021-06-19,13,12.467809664910353,6.028399742251018,1
Houston,2021-06-26,4,5.528103846456514,2.240075665805542,1
Houston,2021-06-26,8,8.851598848199513,0.3718693470416587,1
Houston,2021-06-26,13,10.379353881654644,3.7293344682192453,1
Houston,2021-07-03,4,4.647487788990059,3.082305902046912,1
Houston,2021-07-03,8,7.6467630881383695,3.4244132519677293,1
Houston,2021-07-03,13,8.329037122985993,4.144322379449104,1
Houston,2021-07-10,4,4.9300195991014695,1.7434253335399805,1
Houston,2021-07-10,8,7.257254333057029,4.480263760125068,1
Houston,2021-07-10,13,7.053693508372752,3.692451092996945,1
Houston,2021-07-17,4,4.601384929815191,1.9211773475297393,1
Houston,2021-07-17,8,6.115109861573541,1.5058929535901378,1
Houston,2021-07-17,13,5.09462312465042,4.022992736378861,1
Houston,2021-07-24,4,4.238570295484315,0.545713583582596,1
Houston,2021-07-24,8,4.847388616913602,1.9149954696732432,1
Houston,2021-07-24,13,3.5533936417795573,10.515462566084736,1
Houston,2021-07-31,4,3.473750752012762,0.48615597978665426,1
Houston,2021-07-31,8,3.1232671984247546,2.268474397120141,1
Houston,2021-07-31,13,2.968521214515396,8.619864830052531,1
Houston,2021-08-07,4,1.955758752378068,0.8450868098351314,1
Houston,2021-08-07,8,1.6425057241387293,4.02378432847132,1
Houston,2021-08-07,13,3.353292816055891,9.030945891857018,1
Houston,2021-08-14,4,0.6792013955598875,1.220186565674532,1
Houston,2021-08-14,8,1.9015279657879456,4.792161416536589,1
Houston,2021-08-14,13,4.516920939081796,11.246122454191342,1
Houston,2021-08-21,4,0.7051936213791083,2.044688331263113,1
Houston,2021-08-21,8,2.980150891582555,5.806854536985833,1
Houston,2021-08-21,13,5.990673995750442,8.63609496993422,1
Houston,2021-08-28,4,1.694000638111872,3.577024098885702,1
Houston,2021-08-28,8,4.282881427276218,6.388542062103071,1
Houston,2021-08-28,13,7.670949254908383,7.634462002665246,1
Houston,2021-09-04,4,2.667928843657762,1.7177893659454955,1
Houston,2021-09-04,8,5.253771401204641,3.60515402896907,1
Houston,2021-09-04,13,9.006171974683602,10.671921428730744,1
Houston,2021-09-11,4,3.2150281364899045,1.3362601012332227,1
Houston,2021-09-11,8,5.682898309691007,4.168656661243753,1
Houston,2021-09-11,13,9.914238755054042,3.435493606143424,1
Houston,2021-09-18,4,3.506136274221837,2.79539988150381,1
Houston,2021-09-18,8,5.853312773861656,2.8902568022950423,1
Houston,2021-09-18,13,10.741899155080185,7.954472151239981,1
Houston,2021-09-25,4,3.225902661915318,0.6478460428897838,1
Houston,2021-09-25,8,5.64507640560243,1.829953269510732,1
Houston,2021-09-25,13,11.308597230553987,4.033742052995863,1
Houston,2021-10-02,4,2.964820490293053,0.4202278340515302,1
Houston,2021-10-02,8,5.763289994226511,1.007306013529527,1
Houston,2021-10-02,13,12.282037499479774,8.392637967996446,1
Houston,2021-10-09,4,2.657591081874496,0.13319477432966442,1
Houston,2021-10-09,8,5.991812072195655,1.1925218752452886,1
Houston,2021-10-09,13,13.407264942881755,6.297148457588346,1
Houston,2021-10-16,4,2.5707246081200306,1.5858612866892787,1
Houston,2021-10-16,8,6.63404272515039,1.7487236201297434,1
Houston,2021-10-16,13,14.7404388377173,13.489399430415503,1
Houston,2021-10-23,4,3.1220530566219886,1.6980234771015088,1
Houston,2021-10-23,8,8.091949587892747,3.00109937492238,1
Houston,2021-10-23,13,16.413288437446656,7.6709403826016835,1
Houston,2021-10-30,4,3.849111315354601,0.9483890930976973,1
Houston,2021-10-30,8,9.480478532433349,4.0615435209999164,1
Houston,2021-10-30,13,17.506326253937836,13.451606239947639,1
Houston,2021-11-06,4,4.784104674849106,2.4916376506818922,1
Houston,2021-11-06,8,11.3387876767774,6.184965983175266,1
Houston,2021-11-06,13,18.473990852732626,10.038471559854736,1
Houston,2021-11-13,4,5.946912451966764,1.9590993536753885,1
Houston,2021-11-13,8,13.255086690071371,8.182672673897121,1
Houston,2021-11-13,13,19.277867500663987,18.782769395898324,1
Los Angeles,2021-05-01,4,0.2038938630510865,0.9572408151509691,1
Los Angeles,2021-05-01,8,1.1603332079890796,0.7746689259937002,1
Los Angeles,2021-05-01,13,3.5668251819575967,1.8703108749080783,1
Los Angeles,2021-05-08,4,0.3699211770991727,0.19783317145228066,1
Los Angeles,2021-05-08,8,1.7936496431395375,1.2898737927862638,1
Los Angeles,2021-05-08,13,4.460635348413548,4.493259367500739,1
Los Angeles,2021-05-15,4,1.1017161292028295,1.856654758329106,1
Los Angeles,2021-05-15,8,2.9157358700267104,2.9087648399543626,1
Los Angeles,2021-05-15,13,5.7499433122047,5.701051119191707,1
Los Angeles,2021-05-22,4,1.1196285986267422,0.5648607706224388,1
Los Angeles,2021-05-22,8,3.2831960922941077,2.269055444907801,1
Los Angeles,2021-05-22,13,6.0973630936606025,3.6894722113016116,1
Los Angeles,2021-05-29,4,1.8959951750860835,1.519715617604621,1
Los Angeles,2021-05-29,8,4.1865386815192505,3.3843226253348098,1
Los Angeles,2021-05-29,13,6.789760721908486,6.291831566818408,1
Los Angeles,2021-06-05,4,2.570080960353305,1.5466165055961454,1
Los Angeles,2021-06-05,8,5.014454716974408,3.657046109778741,1
Los Angeles,2021-06-05,13,7.1738717043267775,4.943029573253731,1
Los Angeles,2021-06-12,4,2.7860945368491623,1.858475763826949,1
Los Angeles,2021-06-12,8,5.41533115475045,3.7839677219110475,1
Los Angeles,2021-06-12,13,6.928153269825185,4.412022280623167,1
Los Angeles,2021-06-19,4,3.2391765510954267,1.6156064598563606,1
Los Angeles,2021-06-19,8,5.778641392744624,3.846727874685093,1
Los Angeles,2021-06-19,13,6.536276123792338,4.067711032021445,1
Los Angeles,2021-06-26,4,2.808927237600446,1.3497407037183464,1
Los Angeles,2021-06-26,8,5.1213526617465925,4.326527278573327,1
Los Angeles,2021-06-26,13,5.10551306081805,2.399007548267105,1
Los Angeles,2021-07-03,4,3.2958461316568792,1.3186602567615593,1
Los Angeles,2021-07-03,8,5.039537181278162,1.2306835555167268,1
Los Angeles,2021-07-03,13,4.209279995384607,4.082396865789557,1
Los Angeles,2021-07-10,4,3.8859993523416367,1.7603932538875002,1
Los Angeles,2021-07-10,8,4.8054773627194685,2.3739870435745325,1
Los Angeles,2021-07-10,13,3.5594742187963795,3.2681044189733734,1
Los Angeles,2021-07-17,4,3.377338613479633,1.0180783937261073,1
Los Angeles,2021-07-17,8,3.415919013517441,1.4551991066415673,1
Los Angeles,2021-07-17,13,2.9978454054317205,5.762501466191053,1
Los Angeles,2021-07-24,4,2.615752768940366,0.7354679762082713,1
Los Angeles,2021-07-24,8,2.1080982866138975,1.6956808711142115,1
Los Angeles,2021-07-24,13,3.28217563915812,4.9557128371144685,1
Los Angeles,2021-07-31,4,1.1423818350672414,1.5016856098391844,1
Los Angeles,2021-07-31,8,1.7778610840843252,4.5222176931133955,1
Los Angeles,2021-07-31,13,4.3476490781088835,9.61360099946918,1
Los Angeles,2021-08-07,4,0.3001275883120875,2.873958107671013,1
Los Angeles,2021-08-07,8,2.6232056243652946,6.690284465390917,1
Los Angeles,2021-08-07,13,5.928118849793365,8.616434128371942,1
Los Angeles,2021-08-14,4,1.0354861691078645,1.585699257609909,1
Los Angeles,2021-08-14,8,3.732181778117953,4.895433155541375,1
Los Angeles,2021-08-14,13,7.38080249705573,9.377511549462506,1
Los Angeles,2021-08-21,4,2.126149191588325,2.7277568503855134,1
Los Angeles,2021-08-21,8,4.879843537842158,6.225143579822856,1
Los Angeles,2021-08-21,13,8.930973514156303,11.009376916856578,1
Los Angeles,2021-08-28,4,3.3766846390506524,3.7490556037827765,1
Los Angeles,2021-08-28,8,6.074563047690222,7.88233244429985,1
Los Angeles,2021-08-28,13,10.834204842818659,14.273731847232634,1
Los Angeles,2021-09-04,4,4.024123859716153,4.780095860141112,1
Los Angeles,2021-09-04,8,6.697408907707277,4.748868585346989,1
Los Angeles,2021-09-04,13,12.399531516174116,12.309185800183192,1
Los Angeles,2021-09-11,4,3.475682915083474,1.3393619529806338,1
Los Angeles,2021-09-11,8,6.276257526790535,1.9160105003481271,1
Los Angeles,2021-09-11,13,13.25663715123418,6.298294284417983,1
Los Angeles,2021-09-18,4,2.9635035564337926,0.937040727336637,1
Los Angeles,2021-09-18,8,6.046194261019449,1.2673259673421844,1
Los Angeles,2021-09-18,13,14.70779355263572,6.299077135647936,1
Los Angeles,2021-09-25,4,2.933406178724096,0.6924657519298086,1
Los Angeles,2021-09-25,8,6.492994915535104,1.3855718326161865,1
Los Angeles,2021-09-25,13,17.137393745073524,13.912733248019993,1
Los Angeles,2021-10-02,4,3.1907570864178574,0.34040126560497475,1
Los Angeles,2021-10-02,8,7.665124806345242,2.6701293013275995,1
Los Angeles,2021-10-02,13,20.61855159227842,15.914334634411714,1
Los Angeles,2021-10-09,4,3.731027012414223,0.6100694471947085,1
Los Angeles,2021-10-09,8,9.541015169242092,4.542922189788668,1
Los Angeles,2021-10-09,13,24.93872824667559,16.107967548518364,1
Los Angeles,2021-10-16,4,4.146648665795309,2.150328337924312,1
Los Angeles,2021-10-16,8,11.679571000127972,5.19881902124282,1
Los Angeles,2021-10-16,13,28.991700170504192,24.68059390888846,1
Los Angeles,2021-10-23,4,4.832172553798385,2.6398188957309507,1
Los Angeles,2021-10-23,8,14.426975242437637,11.071171913007918,1
Los Angeles,2021-10-23,13,32.388307927280025,22.404449724407822,1
Los Angeles,2021-10-30,4,6.16031860653095,3.1939589747372197,1
Los Angeles,2021-10-30,8,17.506737270406937,13.902007071795442,1
Los Angeles,2021-10-30,13,34.54687806227659,29.928711627081988,1
Los Angeles,2021-11-06,4,8.587636366664535,6.295806407784981,1
Los Angeles,2021-11-06,8,22.10300867965466,15.38732992155193,1
Los Angeles,2021-11-06,13,36.34736877904486,24.209816058075837,1
Los Angeles,2021-11-13,4,11.338299879632272,7.773681353047751,1
Los Angeles,2021-11-13,8,26.834880643509283,19.17516108567693,1
Los Angeles,2021-11-13,13,36.97201879867065,32.72214833854756,1
Miami,2021-05-01,4,4.280200974075558,2.3300347005193087,1
Miami,2021-05-01,8,6.2382703193542195,1.1058329008107177,1
Miami,2021-05-01,13,7.826634091480863,2.280377700129784,1
Miami,2021-05-08,4,3.6023108201554574,1.39701577543859,1
Miami,2021-05-08,8,5.278083122848207,1.4082806207103131,1
Miami,2021-05-08,13,6.343698502610937,1.7015631607578547,1
Miami,2021-05-15,4,2.4519387671118733,2.5739166201496224,1
Miami,2021-05-15,8,4.124847019459811,3.692195501036593,1
Miami,2021-05-15,13,4.66596789725594,7.295030301067213,1
Miami,2021-05-22,4,2.2684814384924987,0.5027230272371168,1
Miami,2021-05-22,8,3.74923376137519,1.6566383883914695,1
Miami,2021-05-22,13,3.907164686161386,4.551915927632151,1
Miami,2021-05-29,4,1.7638606154181453,0.18421337922331224,1
Miami,2021-05-29,8,2.8905957955790025,0.9178288397205265,1
Miami,2021-05-29,13,2.8507497026904685,2.670959114200775,1
Miami,2021-06-05,4,1.765795274302027,0.4095902797492502,1
Miami,2021-06-05,8,2.4154001250900903,0.844424953890413,1
Miami,2021-06-05,13,2.317281330330662,2.2873900106211758,1
Miami,2021-06-12,4,2.349452219137829,1.4534203373817072,1
Miami,2021-06-12,8,2.311755754987046,1.3706429094784833,1
Miami,2021-06-12,13,2.313330715859784,0.9960779875647798,1
Miami,2021-06-19,4,1.6936847368912051,0.7074530227958582,1
Miami,2021-06-19,8,1.181675045855835,1.9019465537347457,1
Miami,2021-06-19,13,1.4041237415332803,1.8870384707136305,1
Miami,2021-06-26,4,0.8697181990930793,1.0622387552010288,1
Miami,2021-06-26,8,0.6509588067100281,3.349129945210544,1
Miami,2021-06-26,13,0.9814137583601281,3.7364001153014783,1
Miami,2021-07-03,4,0.5428442415561755,1.268347509263339,1
Miami,2021-07-03,8,0.7513126187366326,3.1701716569463883,1
Miami,2021-07-03,13,1.1259628082563866,3.9494158339998795,1
Miami,2021-07-10,4,1.171703663580317,2.5217575178282234,1
Miami,2021-07-10,8,1.3202586229964877,4.046197063088005,1
Miami,2021-07-10,13,1.458030047947393,4.325450549740555,1
Miami,2021-07-17,4,1.3118584445034844,2.3667100530084983,1
Miami,2021-07-17,8,1.0873328756891092,2.122947371443989,1
Miami,2021-07-17,13,1.7278413956451275,1.564425528483392,1
Miami,2021-07-24,4,0.8525079712006535,0.3088995254022895,1
Miami,2021-07-24,8,0.8466052669876063,1.2597013939657438,1
Miami,2021-07-24,13,2.164195645888038,1.452714659362451,1
Miami,2021-07-31,4,0.3460255632242333,0.479468701924905,1
Miami,2021-07-31,8,1.1808552679090252,3.4950275417201295,1
Miami,2021-07-31,13,2.9626372656907587,1.7984103933550246,1
Miami,2021-08-07,4,0.5317052450815296,0.5778578353601387,1
Miami,2021-08-07,8,1.929775600767216,3.256447404367071,1
Miami,2021-08-07,13,3.975268171419713,5.463832741837215,1
Miami,2021-08-14,4,1.1733019433246645,1.5573905854077352,1
Miami,2021-08-14,8,2.676574425436214,3.494668192262192,1
Miami,2021-08-14,13,4.918186929015059,3.4572487683119895,1
Miami,2021-08-21,4,1.4176356075874617,0.4037070830665207,1
Miami,2021-08-21,8,2.9919067303877145,1.0030872338510597,1
Miami,2021-08-21,13,5.406843217918073,2.209202711017746,1
Miami,2021-08-28,4,1.7458914255588578,0.32964082317665916,1
Miami,2021-08-28,8,3.3729417410301,2.088068997961521,1
Miami,2021-08-28,13,6.0724912310824894,7.4828954832166135,1
Miami,2021-09-04,4,2.269185147369383,1.7186921936605877,1
Miami,2021-09-04,8,3.9345526997151277,2.9357069742846478,1
Miami,2021-09-04,13,6.964113001276037,5.355750701004259,1
Miami,2021-09-11,4,1.8207832636872117,0.25055665887083123,1
Miami,2021-09-11,8,3.649434755642468,0.5350155588244258,1
Miami,2021-09-11,13,7.086015727591811,2.1129546627583617,1
Miami,2021-09-18,4,1.9257049679696543,0.16426278286399887,1
Miami,2021-09-18,8,3.9116728501791065,0.28161592075700187,1
Miami,2021-09-18,13,7.858342228742804,4.083730257489818,1
Miami,2021-09-25,4,1.9547486673916747,0.32226447014803455,1
Miami,2021-09-25,8,4.097196717274841,1.1255853170114638,1
Miami,2021-09-25,13,8.582632490053687,3.634016071257017,1
Miami,2021-10-02,4,2.05270417308585,0.15914811466658618,1
Miami,2021-10-02,8,4.514805356813999,1.4544494878885161,1
Miami,2021-10-02,13,9.518447276892726,4.439128375802759,1
Miami,2021-10-09,4,2.573025845101025,0.6675024377216828,1
Miami,2021-10-09,8,5.454133191640657,1.6155110252134564,1
Miami,2021-10-09,13,10.948183649657253,4.330592144151774,1
Miami,2021-10-16,4,2.68807796721796,0.8472320146794181,1
Miami,2021-10-16,8,6.080238287999142,3.0901804628864413,1
Miami,2021-10-16,13,11.936612993489165,10.260730813109632,1
Miami,2021-10-23,4,2.785360362286255,0.6239918996431675,1
Miami,2021-10-23,8,6.808155552900177,2.6008122310241473,1
Miami,2021-10-23,13,12.79980197165201,5.552098447495868,1
Miami,2021-10-30,4,3.1618908164558763,1.2240637874250448,1
Miami,2021-10-30,8,7.513979238011281,4.878368985024657,1
Miami,2021-10-30,13,13.441447418917821,6.49384732621484,1
Miami,2021-11-06,4,3.997521303590633,1.6266472078262546,1
Miami,2021-11-06,8,8.734617152085974,6.469251255993558,1
Miami,2021-11-06,13,14.264853901060373,6.778884192272253,1
Miami,2021-11-13,4,4.913438059069463,3.0824345637656547,1
Miami,2021-11-13,8,9.961196179606564,6.468703976530452,1
Miami,2021-11-13,13,14.985698704913721,9.265965911670456,1
New York,2021-05-01,4,3.2692374865102085,2.703173139474946,1
New York,2021-05-01,8,5.461838646696542,3.7758257793780716,1
New York,2021-05-01,13,7.169435695597135,2.4830513432465917,1
New York,2021-05-08,4,2.9462641773763503,1.6874852399581963,1
New York,2021-05-08,8,5.063204345273016,2.3632152364880774,1
New York,2021-05-08,13,6.483491762902556,2.1960480386320884,1
New York,2021-05-15,4,3.007400519185936,1.1837175957552843,1
New York,2021-05-15,8,4.855781320285914,1.1105152720842506,1
New York,2021-05-15,13,6.033262893028463,1.7322608967558277,1
New York,2021-05-22,4,2.6018962216199535,0.4581626061219757,1
New York,2021-05-22,8,4.179969361066457,0.5924532503617663,1
New York,2021-05-22,13,5.122264798958872,1.5861694194476892,1
New York,2021-05-29,4,2.9004734986211593,0.698094881451203,1
New York,2021-05-29,8,4.01790404659598,1.0262842921844484,1
New York,2021-05-29,13,4.696088510742737,2.742732427229009,1
New York,2021-06-05,4,2.759885065927882,1.8030271975824748,1
New York,2021-06-05,8,3.515375554484685,1.6578121850354108,1
New York,2021-06-05,13,3.8408868209420786,1.480426698297757,1
New York,2021-06-12,4,2.0180698078481956,0.3888727781424187,1
New York,2021-06-12,8,2.5971815131539007,0.5481115484314238,1
New York,2021-06-12,13,2.4845268383910413,2.5544198854199016,1
New York,2021-06-19,4,1.6015830711999812,1.1351580732483477,1
New York,2021-06-19,8,2.0653362725673046,0.905246604720866,1
New York,2021-06-19,13,1.811510725512277,2.064743265954749,1
New York,2021-06-26,4,0.5845971503067131,0.4299323089139215,1
New York,2021-06-26,8,1.0030042938002826,1.0929599222722293,1
New York,2021-06-26,13,1.2745794417361453,3.4197385916694523,1
New York,2021-07-03,4,0.4368554056426433,0.4145620585669326,1
New York,2021-07-03,8,0.6663243811859716,0.6521148475697723,1
New York,2021-07-03,13,1.3602813131880624,2.4638877163284634,1
New York,2021-07-10,4,0.6339845470123547,0.4769151301198624,1
New York,2021-07-10,8,0.7165979953387305,0.5948357279870069,1
New York,2021-07-10,13,1.554809725271534,2.1286077792557774,1
New York,2021-07-17,4,0.6210814284577381,0.11412872826405003,1
New York,2021-07-17,8,0.8902889193860635,1.3222454644971966,1
New York,2021-07-17,13,1.8195104928728396,3.160294847104879,1
New York,2021-07-24,4,0.6061094022589814,0.352635621919401,1
New York,2021-07-24,8,1.2840760078104987,1.5703789176633363,1
New York,2021-07-24,13,2.1750029169540106,3.5306847775320276,1
New York,2021-07-31,4,0.34067204677216295,0.7221883473153423,1
New York,2021-07-31,8,1.8089848088822211,2.5304154400073333,1
New York,2021-07-31,13,2.812357592172932,3.4546645613334417,1
New York,2021-08-07,4,0.8704615494050718,1.2060096135709444,1
New York,2021-08-07,8,2.4693358833660484,3.706694011315814,1
New York,2021-08-07,13,3.6074906498935855,4.921054022021281,1
New York,2021-08-14,4,1.8843948328104945,2.324398733312462,1
New York,2021-08-14,8,3.080476499721062,3.702676703630376,1
New York,2021-08-14,13,4.47605016046206,6.546945631335867,1
New York,2021-08-21,4,2.3867753118835626,2.3019722535037945,1
New York,2021-08-21,8,3.129778818414556,1.4560474018113188,1
New York,2021-08-21,13,4.876653877444153,2.8935877742403364,1
New York,2021-08-28,4,2.618771301173222,2.0311478679623,1
New York,2021-08-28,8,2.9998369039106407,1.6740834394425075,1
New York,2021-08-28,13,5.285437947348281,3.2095110052006555,1
New York,2021-09-04,4,1.9124072946476869,0.7263719513256935,1
New York,2021-09-04,8,2.2981382172754174,0.9976114050823968,1
New York,2021-09-04,13,5.187905567111552,2.0028763282037017,1
New York,2021-09-11,4,0.48789128178403113,0.5048702698463751,1
New York,2021-09-11,8,1.3017438025819459,0.5539294253837386,1
New York,2021-09-11,13,5.0257241044870495,2.8618845671033086,1
New York,2021-09-18,4,0.18131675169520015,1.0073172849041274,1
New York,2021-09-18,8,1.5236266607324551,0.9889141435949677,1
New York,2021-09-18,13,6.344645659229406,3.745968269051953,1
New York,2021-09-25,4,0.3418763293422776,0.48814500550940454,1
New York,2021-09-25,8,2.2560806521375043,1.4770174152052509,1
New York,2021-09-25,13,8.407295261848292,5.939192840541788,1
New York,2021-10-02,4,0.8229609751123715,0.5169766673627204,1
New York,2021-10-02,8,3.6570660254423557,2.8317482113067878,1
New York,2021-10-02,13,11.60013771675327,9.424640741022657,1
New York,2021-10-09,4,1.870751783702906,2.035911939569934,1
New York,2021-10-09,8,5.442952758984958,4.447379576191328,1
New York,2021-10-09,13,15.348660993468465,15.113155614668267,1
New York,2021-10-16,4,2.6395659398923903,2.156056705894785,1
New York,2021-10-16,8,7.079370847810805,6.272313816092493,1
New York,2021-10-16,13,18.663813307486002,15.289952022339548,1
New York,2021-10-23,4,3.5857821871513686,2.6266024300518884,1
New York,2021-10-23,8,9.213646837352437,7.523909932790717,1
New York,2021-10-23,13,21.891596105620984,18.428031784189734,1
New York,2021-10-30,4,4.402277047878867,3.4240897275571487,1
New York,2021-10-30,8,11.343739055124665,9.377325239532741,1
New York,2021-10-30,13,24.336397895023758,20.712005273384435,1
New York,2021-11-06,4,5.124113235727501,4.175606714433284,1
New York,2021-11-06,8,14.069398937997496,12.479517872791465,1
New York,2021-11-06,13,26.242684329697486,23.441279448499543,1
New York,2021-11-13,4,6.2523563668549444,4.669064855933837,1
New York,2021-11-13,8,16.958716981976988,12.273897859626866,1
New York,2021-11-13,13,27.592661023722464,26.85423152253632,1
Philadelphia,2021-05-01,4,5.470434350685783,4.149541848146103,1
Philadelphia,2021-05-01,8,8.917575702483255,6.425297608201428,1
Philadelphia,2021-05-01,13,12.877216104026484,9.703987895920886,1
Philadelphia,2021-05-08,4,5.269852026844012,4.122770905300571,1
Philadelphia,2021-05-08,8,8.707335086358377,6.705823265006253,1
Philadelphia,2021-05-08,13,12.556511903850016,8.76449175328568,1
Philadelphia,2021-05-15,4,5.465561585647356,4.077318071761325,1
Philadelphia,2021-05-15,8,8.745180276601474,5.561978536565469,1
Philadelphia,2021-05-15,13,12.47516867422996,4.839862560550054,1
Philadelphia,2021-05-22,4,3.944077069990068,0.8366718360998862,1
Philadelphia,2021-05-22,8,7.421720130809943,2.0893235177080145,1
Philadelphia,2021-05-22,13,11.052896890542202,3.1850274239403937,1
Philadelphia,2021-05-29,4,4.18347388786592,1.3736724926209691,1
Philadelphia,2021-05-29,8,7.552231790149191,4.626026484498344,1
Philadelphia,2021-05-29,13,10.931360337890855,11.427026287729632,2
Philadelphia,2021-06-05,4,4.7167767632035424,2.3560225738593448,1
Philadelphia,2021-06-05,8,7.890655485449812,,2
Philadelphia,2021-06-05,13,10.795922672794292,6.056123487699612,1
Philadelphia,2021-06-12,4,4.364828501359972,1.531172859584182,1
Philadelphia,2021-06-12,8,7.557244888229558,2.6805931137825234,1
Philadelphia,2021-06-12,13,9.853685275902114,2.622308538375769,1
Philadelphia,2021-06-19,4,5.034751676228175,1.7899251860425545,1
Philadelphia,2021-06-19,8,8.007191201890123,3.8524057091757684,1
Philadelphia,2021-06-19,13,9.643406388762855,5.653454040212421,1
Philadelphia,2021-06-26,4,4.07137298685152,2.6008599072673477,1
Philadelphia,2021-06-26,8,6.895397119056968,1.323092030550059,1
Philadelphia,2021-06-26,13,7.946199462677199,3.7644508029041694,1
Philadelphia,2021-07-03,4,3.6546392770978784,0.9601380540505303,1
Philadelphia,2021-07-03,8,6.083119245488369,1.1787152139578694,1
Philadelphia,2021-07-03,13,6.661847292063321,2.6042335826491905,1
Philadelphia,2021-07-10,4,4.274862258783378,2.238756184666817,1
Philadelphia,2021-07-10,8,5.887256578303209,1.502783966186689,1
Philadelphia,2021-07-10,13,6.128760249252189,3.080653996472962,1
Philadelphia,2021-07-17,4,3.903341255599414,2.288174059238832,1
Philadelphia,2021-07-17,8,4.682257860952204,1.9582373995349698,1
Philadelphia,2021-07-17,13,4.6673270931604485,2.141893459593426,1
Philadelphia,2021-07-24,4,3.6809877860518467,1.6348564557392702,1
Philadelphia,2021-07-24,8,3.6838108580156894,1.7681721831833463,1
Philadelphia,2021-07-24,13,3.380544854860043,3.41053214028476,1
Philadelphia,2021-07-31,4,2.4441393006326297,0.8717552598620097,1
Philadelphia,2021-07-31,8,1.91014242460922,3.727346408797336,1
Philadelphia,2021-07-31,13,1.7010929292014636,7.406886690443507,1
Philadelphia,2021-08-07,4,0.718938611706374,2.2295045542067147,1
Philadelphia,2021-08-07,8,0.5695315533995963,4.9132237815764785,1
Philadelphia,2021-08-07,13,1.4141113256147215,9.48905553921123,1
Philadelphia,2021-08-14,4,0.6614128904184318,1.3600349149592665,1
Philadelphia,2021-08-14,8,0.8041712142799303,3.2756507293759425,1
Philadelphia,2021-08-14,13,2.466076158493578,4.6694471424438495,1
Philadelphia,2021-08-21,4,1.111839842503427,2.5316202852669485,1
Philadelphia,2021-08-21,8,1.336281071208772,3.551259677920214,1
Philadelphia,2021-08-21,13,3.7340156713181543,8.219953821459479,1
Philadelphia,2021-08-28,4,1.42585096749556,0.848053479008834,1
Philadelphia,2021-08-28,8,1.6796497325828477,2.664302837704738,1
Philadelphia,2021-08-28,13,4.962524241632923,6.637411005624877,1
Philadelphia,2021-09-04,4,0.49246210234491206,1.6335675298804393,1
Philadelphia,2021-09-04,8,1.250082289387014,2.7454130023743057,1
Philadelphia,2021-09-04,13,5.553584723508842,9.816939025642348,1
Philadelphia,2021-09-11,4,0.3201196251113791,2.563625796147525,1
Philadelphia,2021-09-11,8,1.573374684884305,4.101146081725285,1
Philadelphia,2021-09-11,13,6.956754247751591,10.969785086547011,1
Philadelphia,2021-09-18,4,0.42194534164155656,0.7341595836719407,1
Philadelphia,2021-09-18,8,2.5567086511309243,1.5514922450097004,1
Philadelphia,2021-09-18,13,9.406281080340275,6.973430662458159,1
Philadelphia,2021-09-25,4,0.8678702660951146,1.032453394036087,1
Philadelphia,2021-09-25,8,3.846973029952246,4.459815844491851,1
Philadelphia,2021-09-25,13,12.263859532031795,13.73383386403773,1
Philadelphia,2021-10-02,4,1.950646630057961,0.9800715251430818,1
Philadelphia,2021-10-02,8,6.165282555417775,8.862022440560999,1
Philadelphia,2021-10-02,13,16.341703064123447,13.272638473676626,1
Philadelphia,2021-10-09,4,3.3643393933621972,1.9497199329398536,1
Philadelphia,2021-10-09,8,8.584531349260487,7.642395843356028,1
Philadelphia,2021-10-09,13,20.37556041727514,18.640414293011073,1
Philadelphia,2021-10-16,4,3.9845520534907015,2.8720085346555444,1
Philadelphia,2021-10-16,8,10.408567266254401,8.275243823465736,1
Philadelphia,2021-10-16,13,23.506156695613285,26.725382957995485,1
Philadelphia,2021-10-23,4,4.953591712194001,2.2472610511594917,1
Philadelphia,2021-10-23,8,12.807842948660964,8.31094296511444,1
Philadelphia,2021-10-23,13,26.63698818682422,16.393693452471723,1
Philadelphia,2021-10-30,4,6.029318879640448,2.09887085520453,1
Philadelphia,2021-10-30,8,15.016118181808064,7.6393913877987485,1
Philadelphia,2021-10-30,13,28.853732719874802,15.987844642393167,1
Philadelphia,2021-11-06,4,7.283380217004021,4.279481942709749,1
Philadelphia,2021-11-06,8,17.532272330490688,11.063141634501356,1
Philadelphia,2021-11-06,13,30.550961608021577,18.736908325154303,1
Philadelphia,2021-11-13,4,9.10741091173437,3.190004205802309,1
Philadelphia,2021-11-13,8,20.416088860285782,15.437136487290253,1
Philadelphia,2021-11-13,13,32.07309951416622,26.44058008603335,1
Phoenix,2021-05-01,4,0.7928558116866229,0.5084057748024357,1
Phoenix,2021-05-01,8,1.2457861203403475,0.9885559480002538,1
Phoenix,2021-05-01,13,3.2453104616234887,1.1276054772093949,1
Phoenix,2021-05-08,4,0.19124249296684548,1.455322057039579,1
Phoenix,2021-05-08,8,1.1578491037683005,1.4047184031909292,1
Phoenix,2021-05-08,13,3.378452391488417,1.4674266309932773,1
Phoenix,2021-05-15,4,0.2500286179618074,0.9431713116019629,1
Phoenix,2021-05-15,8,1.6944775875864855,0.8496329363688209,1
Phoenix,2021-05-15,13,4.136965442872638,2.4050206128702283,1
Phoenix,2021-05-22,4,0.46495174384234084,1.7824889914640814,1
Phoenix,2021-05-22,8,2.1382009423587496,1.2109105241915152,1
Phoenix,2021-05-22,13,4.692757357091396,2.1739240615101534,1
Phoenix,2021-05-29,4,1.0818457821239431,0.48711040683200146,1
Phoenix,2021-05-29,8,3.1388672040325556,1.3277814478830916,1
Phoenix,2021-05-29,13,5.870605984140035,3.0387254554831857,1
Phoenix,2021-06-05,4,2.2303920509999173,1.461564676794105,1
Phoenix,2021-06-05,8,4.312392374025289,3.9003473853596886,1
Phoenix,2021-06-05,13,7.021687755326397,8.535476181300067,1
Phoenix,2021-06-12,4,2.7960217834929613,1.6601850890164507,1
Phoenix,2021-06-12,8,4.951735067818364,5.6141770002149265,1
Phoenix,2021-06-12,13,7.515170292724714,4.458903341393975,1
Phoenix,2021-06-19,4,3.0768988496071206,1.6899835612398106,1
Phoenix,2021-06-19,8,5.316602545116725,2.649092088062288,1
Phoenix,2021-06-19,13,7.708060265981394,4.575825044709618,1
Phoenix,2021-06-26,4,2.6144732272766347,2.034756251549843,1
Phoenix,2021-06-26,8,4.964706580040341,1.3840166423179887,2
Phoenix,2021-06-26,13,7.177039733121508,1.5265991719256375,1
Phoenix,2021-07-03,4,2.300530439120253,1.1180538590595097,1
Phoenix,2021-07-03,8,4.695164669637526,2.664271069627104,1
Phoenix,2021-07-03,13,6.718497120648957,3.6596767597503055,1
Phoenix,2021-07-10,4,2.92933162442539,1.471746498024206,1
Phoenix,2021-07-10,8,5.140502038624859,1.8568796341889953,1
Phoenix,2021-07-10,13,6.9465206918965725,2.8645977540725074,1
Phoenix,2021-07-17,4,3.262866130154057,1.479029329032707,1
Phoenix,2021-07-17,8,5.184301497446232,2.0526892041730047,1
Phoenix,2021-07-17,13,6.791572560492015,2.0181375463767504,1
Phoenix,2021-07-24,4,3.3503254017000645,2.089898814483747,1
Phoenix,2021-07-24,8,5.019865651507419,1.138045750301131,1
Phoenix,2021-07-24,13,6.4325317896494445,3.0809485205775387,1
Phoenix,2021-07-31,4,3.0300194447727367,1.0582565201208214,1
Phoenix,2021-07-31,8,4.40272289030946,1.8559717707617773,1
Phoenix,2021-07-31,13,5.698072726032654,1.0323899205745897,1
Phoenix,2021-08-07,4,2.4516671324373194,0.8555248415339852,1
Phoenix,2021-08-07,8,3.6397849499414368,2.7040427273778413,1
Phoenix,2021-08-07,13,4.796558060924616,0.6849229071654644,1
Phoenix,2021-08-14,4,2.016821799761216,0.1980649490132001,1
Phoenix,2021-08-14,8,3.122108809609388,0.4491742723950501,1
Phoenix,2021-08-14,13,4.08575104355687,0.8713095357260685,1
Phoenix,2021-08-21,4,1.86845844076969,0.2033139827084883,1
Phoenix,2021-08-21,8,2.7998920224679478,0.2954734704952002,1
Phoenix,2021-08-21,13,3.50713438952014,1.8118357480427738,1
Phoenix,2021-08-28,4,1.3704978084596624,1.0642947535373857,1
Phoenix,2021-08-28,8,2.3146895540108035,0.7721356809786171,1
Phoenix,2021-08-28,13,2.566469207644005,3.853458592537061,1
Phoenix,2021-09-04,4,1.2593729371191003,0.2160982313476569,1
Phoenix,2021-09-04,8,2.1556227209012646,0.16693517994578957,1
Phoenix,2021-09-04,13,2.3042158605495153,1.779746545840754,1
Phoenix,2021-09-11,4,1.4199770525455322,0.18351438040611062,1
Phoenix,2021-09-11,8,2.181495136764468,0.2399787211235073,1
Phoenix,2021-09-11,13,2.557654056898767,2.9474137904444846,1
Phoenix,2021-09-18,4,0.9003881459292084,0.17252175459702807,1
Phoenix,2021-09-18,8,1.5198622216526503,0.8865174820196143,1
Phoenix,2021-09-18,13,2.9790268178222203,5.053132386366776,1
Phoenix,2021-09-25,4,1.3033334612842575,0.46942535003381614,1
Phoenix,2021-09-25,8,1.4745240628388616,0.7150312834112955,1
Phoenix,2021-09-25,13,4.188288870109999,5.28500986845102,1
Phoenix,2021-10-02,4,1.029519085388903,0.19951254514150585,1
Phoenix,2021-10-02,8,1.2381765425093183,1.8657436211930556,1
Phoenix,2021-10-02,13,5.94607432446106,8.765120183151698,1
Phoenix,2021-10-09,4,0.8264022889172763,0.6412406669362577,1
Phoenix,2021-10-09,8,1.7546745043502203,2.775137053248936,1
Phoenix,2021-10-09,13,8.39448339121201,11.807527153773052,1
Phoenix,2021-10-16,4,0.7208253629733895,0.8606252633361199,1
Phoenix,2021-10-16,8,2.8517130025626805,4.131635466963923,1
Phoenix,2021-10-16,13,11.174951228002215,12.70290663960631,1
Phoenix,2021-10-23,4,0.6264486039893861,1.0883632177881062,1
Phoenix,2021-10-23,8,4.73088141596694,6.993338268140777,1
Phoenix,2021-10-23,13,14.44414441506248,17.835858085845047,1
Phoenix,2021-10-30,4,1.929062427018136,2.5577002857477904,1
Phoenix,2021-10-30,8,7.292619622052254,10.065677512890248,1
Phoenix,2021-10-30,13,17.440899527121296,22.728395291790854,1
Phoenix,2021-11-06,4,3.5680157900180904,3.893135095954177,1
Phoenix,2021-11-06,8,10.412700882152471,13.613033371702082,1
Phoenix,2021-11-06,13,19.92747436599292,22.130573746526544,1
Phoenix,2021-11-13,4,5.236986957210661,3.714080766361494,1
Phoenix,2021-11-13,8,13.640929770006005,10.971179776950187,1
Phoenix,2021-11-13,13,21.73716311043508,19.325689006263723,1
Riverside,2021-05-01,4,3.461967751032386,1.753930820446048,1
Riverside,2021-05-01,8,6.915174795266276,6.101047755695096,1
Riverside,2021-05-01,13,11.47802564698026,9.451442472096673,1
Riverside,2021-05-08,4,3.713055437146117,2.6820376460773137,1
Riverside,2021-05-08,8,7.385445958960235,5.949737533546015,1
Riverside,2021-05-08,13,12.139201330471105,10.146897992367817,1
Riverside,2021-05-15,4,4.645089312599896,2.841306067197081,1
Riverside,2021-05-15,8,8.198963969802902,6.859824224604644,1
Riverside,2021-05-15,13,13.137143436412774,9.115369983073311,1
Riverside,2021-05-22,4,4.54956646943462,3.6574458534062826,1
Riverside,2021-05-22,8,8.2295223522664,6.647700521193036,1
Riverside,2021-05-22,13,13.262370276903642,10.9505533803843,1
Riverside,2021-05-29,4,4.74812060799657,1.0286785711269741,1
Riverside,2021-05-29,8,8.64767331216717,7.440591963611498,1
Riverside,2021-05-29,13,13.576522299011081,11.792037890348137,1
Riverside,2021-06-05,4,5.133383893815764,4.095539180191933,1
Riverside,2021-06-05,8,9.17069979223546,5.927330115755355,1
Riverside,2021-06-05,13,13.876329175811167,12.474539655756509,1
Riverside,2021-06-12,4,4.380403404098502,3.449530111821643,1
Riverside,2021-06-12,8,8.90385207291441,4.697558366582609,1
Riverside,2021-06-12,13,13.283191732128346,11.468848786186456,1
Riverside,2021-06-19,4,5.041894794873926,2.9497801243493176,1
Riverside,2021-06-19,8,9.726455998366932,6.171942385187119,1
Riverside,2021-06-19,13,13.655044661049272,7.209557959519415,1
Riverside,2021-06-26,4,5.5068960060138465,1.2724903941983203,1
Riverside,2021-06-26,8,10.015556516733295,8.64096807329881,1
Riverside,2021-06-26,13,13.488926793268716,11.792913056114953,1
Riverside,2021-07-03,4,5.525966547113908,4.6753782788056935,1
Riverside,2021-07-03,8,9.725404260989148,8.265978308120179,1
Riverside,2021-07-03,13,12.726770157880797,10.440547161452205,1
Riverside,2021-07-10,4,6.913237908548855,5.757021445740104,1
Riverside,2021-07-10,8,10.396849179006622,7.495965471390857,1
Riverside,2021-07-10,13,12.790761845151113,8.443647934211072,1
Riverside,2021-07-17,4,6.69312143840239,4.90361885488775,1
Riverside,2021-07-17,8,9.506450974407924,6.64666062316507,1
Riverside,2021-07-17,13,11.302364152161957,5.893980428859604,1
Riverside,2021-07-24,4,5.662051019078228,4.770512282190213,1
Riverside,2021-07-24,8,8.011447330487998,6.647231961714706,1
Riverside,2021-07-24,13,9.191841248505037,5.2220662594012035,1
Riverside,2021-07-31,4,4.927788960850213,3.2088452063577146,1
Riverside,2021-07-31,8,6.849999267024259,3.7387695000815473,1
Riverside,2021-07-31,13,7.365339723284562,5.2501387215981286,1
Riverside,2021-08-07,4,3.464274240328334,2.8181538049507027,1
Riverside,2021-08-07,8,5.007922911518228,2.7153067000146134,1
Riverside,2021-08-07,13,4.902878500022342,2.5073750250865796,1
Riverside,2021-08-14,4,2.747972084678328,1.9849039247529474,1
Riverside,2021-08-14,8,3.8988228472947264,1.7306149155181731,1
Riverside,2021-08-14,13,3.234683458561291,2.5324070752393424,1
Riverside,2021-08-21,4,2.5719458208941735,1.701151776623074,1
Riverside,2021-08-21,8,3.109321803079222,1.6771045076761637,1
Riverside,2021-08-21,13,2.5893163134535437,2.8867463074658595,1
Riverside,2021-08-28,4,2.1887607795115858,0.8312738699669836,1
Riverside,2021-08-28,8,2.10303272392736,1.317812133017746,1
Riverside,2021-08-28,13,2.7619939234590376,4.937630541046113,1
Riverside,2021-09-04,4,1.4740269172598912,0.33566940600998724,1
Riverside,2021-09-04,8,1.1572269146212693,1.210592407910813,1
Riverside,2021-09-04,13,3.7239115091102635,5.260996245582839,1
Riverside,2021-09-11,4,1.0120382795060843,0.5328438429133527,1
Riverside,2021-09-11,8,1.288030041242936,2.6962917786061937,1
Riverside,2021-09-11,13,5.471496836634634,6.955217913008907,1
Riverside,2021-09-18,4,0.4739466784796858,1.1263127581860917,1
Riverside,2021-09-18,8,2.074582405514497,3.0564738246270102,1
Riverside,2021-09-18,13,8.16061324610137,12.318235965128466,1
Riverside,2021-09-25,4,1.0506939280869494,1.4931003758697956,1
Riverside,2021-09-25,8,3.318094335651485,4.268818311413955,1
Riverside,2021-09-25,13,11.236451172327605,13.197597575132264,1
Riverside,2021-10-02,4,1.7455269475641806,2.3449138411760524,1
Riverside,2021-10-02,8,4.801836063142739,5.122917863887134,1
Riverside,2021-10-02,13,14.658236608228513,16.175238542566227,1
Riverside,2021-10-09,4,2.326182218349522,1.659379803955415,1
Riverside,2021-10-09,8,6.524522409102143,7.190923878561647,1
Riverside,2021-10-09,13,18.30152654254317,17.972711173243226,1
Riverside,2021-10-16,4,2.444541082774442,0.9926326118629023,1
Riverside,2021-10-16,8,8.077902456329273,5.154033373142179,1
Riverside,2021-10-16,13,21.334273210547277,15.902635920062352,1
Riverside,2021-10-23,4,3.452581928059015,2.9502940622618046,1
Riverside,2021-10-23,8,10.871752764145928,9.648073872393159,1
Riverside,2021-10-23,13,24.716367284285152,23.02982515423868,1
Riverside,2021-10-30,4,4.450468021327519,3.6888615605255732,1
Riverside,2021-10-30,8,13.468516263146313,12.033547463523902,1
Riverside,2021-10-30,13,26.754277743940612,20.968091898667936,1
Riverside,2021-11-06,4,6.58605213991305,4.721357852823626,1
Riverside,2021-11-06,8,17.387000651017665,13.721974441602832,1
Riverside,2021-11-06,13,28.860932434419727,25.883721940021964,1
Riverside,2021-11-13,4,8.757697064330362,7.2456987170591685,1
Riverside,2021-11-13,8,21.08578126093381,18.319652956764585,1
Riverside,2021-11-13,13,29.823535202425898,24.749594302690063,1
San Francisco,2021-05-01,4,2.30506055162217,2.53871009034451,1
San Francisco,2021-05-01,8,3.6094826807010443,4.167591894437453,1
San Francisco,2021-05-01,13,6.322870619614142,5.025858831388823,1
San Francisco,2021-05-08,4,1.6517773312387458,0.5873951185533571,1
San Francisco,2021-05-08,8,3.432343800935958,1.4397496595967552,1
San Francisco,2021-05-08,13,6.3350004575350285,3.140806989023744,1
San Francisco,2021-05-15,4,1.9221392918431008,1.1162385190081692,1
San Francisco,2021-05-15,8,4.025878916854839,3.085752141565833,1
San Francisco,2021-05-15,13,7.081651666192794,4.171125126239353,1
San Francisco,2021-05-22,4,0.8052248722837427,0.2585935298009935,1
San Francisco,2021-05-22,8,3.4623009587530307,1.8227132502452903,1
San Francisco,2021-05-22,13,6.549756980147324,3.701342557725019,1
San Francisco,2021-05-29,4,1.6509515621048847,1.2644034562865474,1
San Francisco,2021-05-29,8,4.170238307781202,3.349180246410746,1
San Francisco,2021-05-29,13,7.102166231210548,5.049125997916386,1
San Francisco,2021-06-05,4,3.2399663215151273,2.644525358112132,1
San Francisco,2021-06-05,8,5.714072980437564,4.026456188595138,1
San Francisco,2021-06-05,13,8.106793814027021,6.7517129314388855,1
San Francisco,2021-06-12,4,3.717259775809946,3.0354516141749297,1
San Francisco,2021-06-12,8,6.438148462518432,4.626054917762496,1
San Francisco,2021-06-12,13,8.091739241549257,4.616119434845054,1
San Francisco,2021-06-19,4,4.473445129237534,3.3855178242589767,1
San Francisco,2021-06-19,8,7.12212051823205,5.082665438798759,1
San Francisco,2021-06-19,13,8.200626159931769,4.942789084582606,1
San Francisco,2021-06-26,4,2.3581369591219925,0.5150296167202438,1
San Francisco,2021-06-26,8,5.066505933495943,2.9987499376026387,1
San Francisco,2021-06-26,13,5.97079734390238,2.7001611670225114,1
San Francisco,2021-07-03,4,2.4906375957032614,1.847715620519797,1
San Francisco,2021-07-03,8,4.6858727894856855,2.4067416832860267,1
San Francisco,2021-07-03,13,5.696225733880031,1.9111980680958336,1
San Francisco,2021-07-10,4,4.207705547690277,3.6264544202806746,1
San Francisco,2021-07-10,8,5.154912558555052,3.7050879663901277,1
San Francisco,2021-07-10,13,6.5280944173301725,4.817805943437328,1
San Francisco,2021-07-17,4,4.024464915931069,2.8439699086155996,1
San Francisco,2021-07-17,8,4.016704833707804,2.053205952207617,1
San Francisco,2021-07-17,13,5.791491267519738,3.828325026664069,1
San Francisco,2021-07-24,4,3.975994596723849,2.838622851813372,1
San Francisco,2021-07-24,8,3.4807273250245547,1.9289973111937107,1
San Francisco,2021-07-24,13,5.402914057285386,2.7148995881122953,1
San Francisco,2021-07-31,4,1.6538579931802793,1.2791100100922648,1
San Francisco,2021-07-31,8,1.534800213291383,3.015762092450451,1
San Francisco,2021-07-31,13,3.227230824907226,1.7397888804461847,1
San Francisco,2021-08-07,4,1.3541314610201556,2.701284821767094,1
San Francisco,2021-08-07,8,1.8191775995646353,3.4503567815325993,1
San Francisco,2021-08-07,13,2.4063005658457546,4.612843425728547,1
San Francisco,2021-08-14,4,1.6595858844745446,2.0547809715132623,1
San Francisco,2021-08-14,8,2.384707056249506,2.2394960478035144,1
San Francisco,2021-08-14,13,2.8701686775046547,2.7448081476247648,1
San Francisco,2021-08-21,4,0.9510195549796593,1.7818359948070037,1
San Francisco,2021-08-21,8,2.9192720931478915,3.956537028329003,1
San Francisco,2021-08-21,13,3.7412472282545415,4.162467224136635,1
San Francisco,2021-08-28,4,1.4300089546638042,1.8083959481799157,1
San Francisco,2021-08-28,8,3.5663665369794395,2.9987215728499454,1
San Francisco,2021-08-28,13,5.516970814483635,5.587821609714119,1
San Francisco,2021-09-04,4,3.2658336524746443,4.094996888104097,1
San Francisco,2021-09-04,8,4.7800926047897985,6.983357499774676,1
San Francisco,2021-09-04,13,8.158718959356849,8.213989150975472,1
San Francisco,2021-09-11,4,4.961633976562529,4.320080186320584,1
San Francisco,2021-09-11,8,4.573736271961559,3.990074068901332,1
San Francisco,2021-09-11,13,11.524038901202267,12.484135686076673,1
San Francisco,2021-09-18,4,4.887524631316124,4.27058819646827,1
San Francisco,2021-09-18,8,4.068881241628704,4.131936734350485,1
San Francisco,2021-09-18,13,16.165452366196625,17.747295222530276,1
San Francisco,2021-09-25,4,3.194032898681641,2.325495675649075,1
San Francisco,2021-09-25,8,4.983648415981772,6.005572536644835,1
San Francisco,2021-09-25,13,22.958617970346655,22.11188846120217,1
San Francisco,2021-10-02,4,1.5904019909691618,2.3073187078363073,1
San Francisco,2021-10-02,8,9.131413190092594,14.359139956458547,1
San Francisco,2021-10-02,13,33.6973693848388,25.37178361857084,1
San Francisco,2021-10-09,4,3.899904849894638,3.3321130743230993,1
San Francisco,2021-10-09,8,15.44861549863265,18.02747232679618,1
San Francisco,2021-10-09,13,46.24019211436092,43.56117800304424,1
San Francisco,2021-10-16,4,6.387571964078045,7.282813286943238,1
San Francisco,2021-10-16,8,21.855922583643107,23.908037438573444,1
San Francisco,2021-10-16,13,57.83281902954604,62.43440793169606,1
San Francisco,2021-10-23,4,9.011270608712737,6.971979672177499,1
San Francisco,2021-10-23,8,28.325527968144193,22.281342768223965,1
San Francisco,2021-10-23,13,66.29351041245108,53.36273032363894,1
San Francisco,2021-10-30,4,12.660394266015034,6.298232709854163,1
San Francisco,2021-10-30,8,35.00470336912421,19.73210434699219,1
San Francisco,2021-10-30,13,70.94498984630137,65.6994238042519,1
San Francisco,2021-11-06,4,17.48528673918251,15.036772035180846,1
San Francisco,2021-11-06,8,43.345582330690426,37.59240379288826,1
San Francisco,2021-11-06,13,72.56208333627796,62.68977894625844,1
San Francisco,2021-11-13,4,22.444324408002874,20.138752831389077,1
San Francisco,2021-11-13,8,52.192491165348365,46.88705697840104,1
San Francisco,2021-11-13,13,70.80593707026588,82.33010151589342,1
Seattle,2021-05-01,4,7.124390847200337,5.915144631201814,1
Seattle,2021-05-01,8,10.043281124691992,7.24283231352782,1
Seattle,2021-05-01,13,12.333320839323742,3.425632902820296,1
Seattle,2021-05-08,4,6.035277233930183,3.48643179957887,1
Seattle,2021-05-08,8,8.549670440398534,6.236518726341833,1
Seattle,2021-05-08,13,10.819648515434757,7.35821479193247,1
Seattle,2021-05-15,4,5.534167833296283,3.295558001630204,1
Seattle,2021-05-15,8,7.26586786688915,3.069288776058171,1
Seattle,2021-05-15,13,9.748240124937421,2.562468839188611,1
Seattle,2021-05-22,4,2.6942997660854373,1.2401924057368268,1
Seattle,2021-05-22,8,4.484605810517698,2.3246931564572884,1
Seattle,2021-05-22,13,7.065163550859503,2.770550327348446,1
Seattle,2021-05-29,4,2.9006953943580784,0.8421616243393752,1
Seattle,2021-05-29,8,4.093881503658496,1.044190443218774,1
Seattle,2021-05-29,13,6.647803398702082,2.742370394674151,1
Seattle,2021-06-05,4,3.1750686189109993,1.8204908975652037,1
Seattle,2021-06-05,8,4.443448969029435,3.1863125449861487,1
Seattle,2021-06-05,13,6.380178888124041,2.3753961036152993,1
Seattle,2021-06-12,4,1.7663675416161249,1.3713472038805006,1
Seattle,2021-06-12,8,3.9890527048662916,1.9771702262945685,1
Seattle,2021-06-12,13,4.9921404927832524,2.3804810695522214,1
Seattle,2021-06-19,4,2.8387202541832677,1.9493360956311065,1
Seattle,2021-06-19,8,5.365336602927249,3.591800257860446,1
Seattle,2021-06-19,13,5.579975389452889,3.1279204264238207,1
Seattle,2021-06-26,4,0.9444677378697472,1.537590763383252,1
Seattle,2021-06-26,8,3.235708670497191,2.10984637233945,1
Seattle,2021-06-26,13,2.597360726654471,2.742762815060575,1
Seattle,2021-07-03,4,2.251575841383195,1.5802488533265162,1
Seattle,2021-07-03,8,4.044565654595623,2.4244399988115797,1
Seattle,2021-07-03,13,2.9799680254628367,6.506266009576375,1
Seattle,2021-07-10,4,5.433017992173318,4.336870664818719,1
Seattle,2021-07-10,8,5.977598295105543,2.918525194563921,1
Seattle,2021-07-10,13,4.726901586932844,4.663016437686022,1
Seattle,2021-07-17,4,4.465982909019979,2.2799436759289247,1
Seattle,2021-07-17,8,3.711485264562573,2.9001594754071927,1
Seattle,2021-07-17,13,2.6555170105672756,3.2139996468115135,1
Seattle,2021-07-24,4,4.730255904935648,3.8402542871128356,1
Seattle,2021-07-24,8,3.0731668323146786,3.3230963827027242,1
Seattle,2021-07-24,13,3.048150268637003,5.068894190467372,1
Seattle,2021-07-31,4,0.8873898939622586,2.2683896244652364,1
Seattle,2021-07-31,8,2.5515464969899693,6.339992000980088,1
Seattle,2021-07-31,13,5.474108520546667,12.128142836967202,1
Seattle,2021-08-07,4,2.80870656701048,4.15964889716214,1
Seattle,2021-08-07,8,4.855707088086316,8.934221697101433,1
Seattle,2021-08-07,13,9.527921546960046,14.034049010360897,1
Seattle,2021-08-14,4,2.7480689571961157,3.888958166210292,1
Seattle,2021-08-14,8,4.192748149283834,1.267075714174279,1
Seattle,2021-08-14,13,10.640150995111732,15.060921050753121,1
Seattle,2021-08-21,4,2.9929386856016498,0.7667521548504564,1
Seattle,2021-08-21,8,4.336433643070856,0.9364278200198042,1
Seattle,2021-08-21,13,12.853715359141587,13.271599695676667,1
Seattle,2021-08-28,4,3.7098960661180236,2.908484413671366,1
Seattle,2021-08-28,8,5.486933781422188,3.136638096631371,1
Seattle,2021-08-28,13,16.752285104790456,12.59085326522674,1
Seattle,2021-09-04,4,1.9050645945628983,1.0451108348024938,1
Seattle,2021-09-04,8,5.358509968694345,3.5381947350455634,1
Seattle,2021-09-04,13,19.964724682007773,16.793674881877514,1
Seattle,2021-09-11,4,0.5043275000812211,0.9463133207934716,1
Seattle,2021-09-11,8,6.236284142769336,4.932082781804315,1
Seattle,2021-09-11,13,25.087293888885497,20.24888167340195,1
Seattle,2021-09-18,4,1.284495204234427,1.1225546952131946,1
Seattle,2021-09-18,8,9.283310599262357,7.721167389525616,1
Seattle,2021-09-18,13,33.66458994690029,31.149096398180117,1
Seattle,2021-09-25,4,3.096564208205272,2.772974964312862,1
Seattle,2021-09-25,8,13.219429783186651,11.397914819516904,1
Seattle,2021-09-25,13,43.77017307897414,39.36519744613199,1
Seattle,2021-10-02,4,7.290255584200067,8.209362001290039,1
Seattle,2021-10-02,8,20.609004137061444,17.40961582583832,1
Seattle,2021-10-02,13,59.15981458219552,53.98329842291775,1
Seattle,2021-10-09,4,11.29215674487522,10.109567316265403,1
Seattle,2021-10-09,8,28.262779985045395,25.43747903739187,1
Seattle,2021-10-09,13,74.91970011825433,69.50117911584375,1
Seattle,2021-10-16,4,13.042736914778038,10.853290607173513,1
Seattle,2021-10-16,8,34.52404751579509,28.265954943554522,1
Seattle,2021-10-16,13,86.2502970315718,82.47782324621008,1
Seattle,2021-10-23,4,14.353886091249876,7.642853625480761,1
Seattle,2021-10-23,8,41.11000316739586,25.576320217124614,1
Seattle,2021-10-23,13,92.34861074848317,76.42990105679375,1
Seattle,2021-10-30,4,16.54602764681646,11.38275970878189,1
Seattle,2021-10-30,8,47.69023334107302,38.50300349082485,1
Seattle,2021-10-30,13,93.07431199637315,83.2474185582937,1
Seattle,2021-11-06,4,21.35513058050543,9.747659180693782,1
Seattle,2021-11-06,8,57.32232957733013,47.440166298300554,1
Seattle,2021-11-06,13,91.91370711925167,53.46691365596327,1
Seattle,2021-11-13,4,28.048995543274337,17.47960570316618,1
Seattle,2021-11-13,8,68.88253195386426,42.08571567961448,1
Seattle,2021-11-13,13,88.7407590242828,46.930055861185,1
Washington DC,2021-05-01,4,6.331458203673801,2.684916004369292,1
Washington DC,2021-05-01,8,10.541094782194463,4.20835427678247,1
Washington DC,2021-05-01,13,15.14165465723184,5.85151572391877,1
Washington DC,2021-05-08,4,5.865119412570925,4.436171324746279,1
Washington DC,2021-05-08,8,10.166290972422079,7.824196967539752,1
Washington DC,2021-05-08,13,14.643551056289805,10.31306563608226,1
Washington DC,2021-05-15,4,6.263617676448097,1.5715865581448958,1
Washington DC,2021-05-15,8,10.340620708680698,7.193646389264513,1
Washington DC,2021-05-15,13,14.650103466949965,11.81164685229378,1
Washington DC,2021-05-22,4,4.7852576591540545,1.0627950314503964,1
Washington DC,2021-05-22,8,9.018472038700553,6.643979558564175,1
Washington DC,2021-05-22,13,13.089785067013832,9.205635822150574,1
Washington DC,2021-05-29,4,5.713605680639336,3.578106281025849,1
Washington DC,2021-05-29,8,9.559214357176424,4.217215094317122,1
Washington DC,2021-05-29,13,13.161532321702325,7.437309575057004,1
Washington DC,2021-06-05,4,6.144075162743688,4.481226485527312,1
Washington DC,2021-06-05,8,9.715580100979288,4.430261779960382,1
Washington DC,2021-06-05,13,12.61983637228681,6.369586940435884,1
Washington DC,2021-06-12,4,5.380749669196089,2.4198119793628674,1
Washington DC,2021-06-12,8,9.046156230993956,2.595841442155041,1
Washington DC,2021-06-12,13,11.162255523072261,3.5205582688333132,1
Washington DC,2021-06-19,4,5.898328141661115,3.6967243146828714,1
Washington DC,2021-06-19,8,9.243941430102511,2.708513838418595,1
Washington DC,2021-06-19,13,10.693854415631469,4.897744252537135,1
Washington DC,2021-06-26,4,4.083753793641556,0.7709952053409547,1
Washington DC,2021-06-26,8,7.165971358362179,2.9262951215042237,1
Washington DC,2021-06-26,13,8.252194176448011,2.299836576789201,1
Washington DC,2021-07-03,4,4.209888726906749,3.0311709232360324,1
Washington DC,2021-07-03,8,6.559591495953216,4.5891107185261,1
Washington DC,2021-07-03,13,7.467774671359861,4.492285217643165,1
Washington DC,2021-07-10,4,5.3551366200207795,3.2824562579851224,1
Washington DC,2021-07-10,8,6.451015201512971,2.78658249217545,1
Washington DC,2021-07-10,13,7.339671696251098,3.565102799162015,1
Washington DC,2021-07-17,4,4.430916517018794,2.384607197436835,1
Washington DC,2021-07-17,8,4.576784812125063,1.920716680966117,1
Washington DC,2021-07-17,13,5.462997041689585,1.9341826002604083,1
Washington DC,2021-07-24,4,3.763845156470222,1.070139080117395,1
Washington DC,2021-07-24,8,3.432773574392195,3.0574916587181993,1
Washington DC,2021-07-24,13,4.079404155266653,2.6642979257579946,1
Washington DC,2021-07-31,4,1.686206835449771,2.603075699122536,1
Washington DC,2021-07-31,8,1.4019675340855438,5.668016037985374,1
Washington DC,2021-07-31,13,1.8863077908530663,1.5665774857132146,1
Washington DC,2021-08-07,4,0.875047284389286,3.1323818991654484,1
Washington DC,2021-08-07,8,1.0757070312641497,4.972238265375614,1
Washington DC,2021-08-07,13,1.8787453724212217,5.642072030058562,1
Washington DC,2021-08-14,4,1.346805848907061,0.903946997403551,1
Washington DC,2021-08-14,8,1.3169417089552788,2.3165750863514,1
Washington DC,2021-08-14,13,2.8280357087907833,9.059688638280084,1
Washington DC,2021-08-21,4,0.8614296206263815,2.042326299551401,1
Washington DC,2021-08-21,8,1.322114090352477,6.020371018982855,1
Washington DC,2021-08-21,13,3.9926215548034847,5.562960173882277,1
Washington DC,2021-08-28,4,1.0468085615456275,0.9735938138593765,1
Washington DC,2021-08-28,8,1.4688931973980606,1.3082424711474825,1
Washington DC,2021-08-28,13,5.914429286333242,5.784158571124676,1
Washington DC,2021-09-04,4,2.0623057366948383,1.145768165947983,1
Washington DC,2021-09-04,8,2.1797656341908938,6.626899705598135,1
Washington DC,2021-09-04,13,8.374492081559483,10.32671219685151,1
Washington DC,2021-09-11,4,2.9657088212228464,2.263625129505024,1
Washington DC,2021-09-11,8,2.8546677755032945,3.522316868789595,1
Washington DC,2021-09-11,13,11.83362242134421,14.09020679221703,1
Washington DC,2021-09-18,4,1.7187194855785424,0.9845002013419889,2
Washington DC,2021-09-18,8,3.851525043058299,3.6759437097496304,1
Washington DC,2021-09-18,13,16.89436722731246,22.358741935541893,1
Washington DC,2021-09-25,4,1.2279208488132864,2.162041047660586,1
Washington DC,2021-09-25,8,6.33479424167675,7.977698880845844,1
Washington DC,2021-09-25,13,23.3196223324985,23.594738859988222,1
Washington DC,2021-10-02,4,2.852060789441623,4.305544888091606,1
Washington DC,2021-10-02,8,10.903339995038424,6.295866953293337,1
Washington DC,2021-10-02,13,31.901400376077692,36.688591016118366,1
Washington DC,2021-10-09,4,5.322993500603104,6.183100016137649,1
Washington DC,2021-10-09,8,15.863990528424504,11.732740444443174,1
Washington DC,2021-10-09,13,40.511597010718766,44.66281021121681,1
Washington DC,2021-10-16,4,6.934475373648012,3.3798848190498587,1
Washington DC,2021-10-16,8,20.135970763914028,21.149686794919013,1
Washington DC,2021-10-16,13,47.47363545258906,41.18113788070691,1
Washington DC,2021-10-23,4,9.250197058877108,5.685247536182988,1
Washington DC,2021-10-23,8,25.39236005602144,17.853719378176823,1
Washington DC,2021-10-23,13,53.86353855723199,38.93707134989175,1
Washington DC,2021-10-30,4,11.85270974680924,4.297382229972755,1
Washington DC,2021-10-30,8,30.279084231294778,18.811556257584957,1
Washington DC,2021-10-30,13,58.05888301909044,43.963107262758314,1
Washington DC,2021-11-06,4,14.864274520253353,9.197621212294472,1
Washington DC,2021-11-06,8,35.480956581814816,22.538317173432983,1
Washington DC,2021-11-06,13,60.55351894075701,44.361864502489304,1
Washington DC,2021-11-13,4,18.054278393858432,9.878089659807596,1
Washington DC,2021-11-13,8,40.63481853236746,25.343960722374625,1
Washington DC,2021-11-13,13,61.35402154778213,24.35659034859078,1
