msa,horizon,naive_mape,cot_mape,fused_mape,cot_attempts
Atlanta,4,2.504788872878869,2.0869767856380737,2.334494336088781,1
Atlanta,8,7.691003654063783,7.893367264224738,7.005704592344002,1
Atlanta,13,9.10271462532189,10.592327256452895,10.855397531968256,1
Boston,4,2.6828390011297767,3.7684714827316332,1.2245236959213215,1
Boston,8,4.928953559538883,5.508289565786921,1.763378990221142,1
Boston,13,10.538019114116285,2.2746824764180036,2.9149087267618854,1
Chicago,4,2.297755845491441,3.176102789319822,2.32159790086075,1
Chicago,8,3.0052855545473065,2.2710454419732478,3.004749942448847,1
Chicago,13,2.537005421722036,7.323363619909223,7.586818486663255,1
Dallas,4,2.590932956285991,2.3711608518543543,2.2206837028089,1
Dallas,8,4.036871925403707,5.418719646895166,6.77221815422744,1
Dallas,13,2.9307201896150366,3.651036820279553,7.713218061961304,1
Detroit,4,11.969988556633973,13.669549395260688,5.2918021173275624,1
Detroit,8,20.06012237730025,21.43849253772159,7.027614897293011,1
Detroit,13,23.36261733915858,28.10929710633187,12.606960724109129,1
Houston,4,2.2296361898136716,1.9659054505658449,1.981684253481661,1
Houston,8,7.68597887862361,6.245365391735885,7.049829408759745,1
Houston,13,10.355480486874374,12.969875713725251,15.033905452706541,1
Los Angeles,4,2.4126144742415936,1.6781096848355301,1.243790602374665,1
Los Angeles,8,1.5631668206437108,3.6799410194632425,2.8034294519088467,1
Los Angeles,13,1.6071230498818188,5.433158528403148,6.6678404275981205,1
Miami,4,5.5568264603300035,6.4823487239752895,14.349650478117582,1
Miami,8,14.952442630469278,17.200288736848456,32.76297556099536,1
Miami,13,24.735363602721232,26.81378183930941,36.35652579368557,1
New York,4,3.7698567904094538,2.704755976392116,0.2254119322938676,1
New York,8,6.342195280726261,4.379505389793248,0.7889145221212859,1
New York,13,6.086841822061609,7.361420477742057,7.676368955027689,1
Philadelphia,4,1.9309119800986425,2.0378738138381265,2.168960478105966,1
Philadelphia,8,3.721198888608881,3.2293315824509574,4.241084197104261,1
Philadelphia,13,3.1516573488794735,3.132286535190988,4.886663077705765,1
Phoenix,4,1.6571117294766902,3.641427215706922,1.4474953564090205,1
Phoenix,8,0.9905434230305441,1.9905281653783167,4.86943153916271,1
Phoenix,13,1.100624517301399,5.93278186957728,10.063033599515204,1
Riverside,4,1.8267285887126588,2.2164426043959455,2.858982927625974,1
Riverside,8,4.661675212238491,3.47112877522586,7.582605369130427,1
Riverside,13,5.815903062507879,8.496118119734785,10.074711751021917,1
San Francisco,4,8.165071954453412,6.513897803285388,2.484423682669546,1
San Francisco,8,10.078632751456777,11.241120067135654,2.401558180142133,1
San Francisco,13,12.600603517666631,11.716888210102292,5.219590776124344,1
Seattle,4,6.354521924128679,4.325278584812269,3.483881991997083,1
Seattle,8,9.240173018032506,4.471981636030293,5.103361811370331,1
Seattle,13,15.093275201219333,2.795704704997324,1.997768683200151,1
Washington DC,4,1.299225030282688,1.4917464639544944,2.8996811711624906,1
Washington DC,8,2.518526933017377,2.4773951055182493,4.22540420068512,1
Washington DC,13,7.799192025753918,5.698163381488494,3.4615019817580763,1
