msa,horizon,naive_mape,cot_mape,n_cot_failed,fused_mape
Atlanta,4,2.503762898407681,1.7040707498527627,0,1.6512276739137333
Atlanta,8,4.850390010004951,3.3419749851683718,0,3.57591387769617
Atlanta,13,7.911104207808219,5.875339014571759,0,4.647714354528158
Boston,4,4.86684020945573,4.31211336429768,0,5.222964812360566
Boston,8,9.08562064555525,8.124317040934256,0,10.50843596205505
Boston,13,16.803319748581558,13.531639216473536,0,10.763650215170898
Chicago,4,4.210306199821787,2.592851175114278,0,1.687452081530259
Chicago,8,8.526512557369431,6.022733542850466,0,4.308890982375545
Chicago,13,15.237109224583609,11.825993597440656,0,8.936459977533508
Dallas,4,4.04833620383003,2.1267104478256056,0,1.3828386211475108
Dallas,8,7.965101546856886,5.148896255564425,0,4.0773351271024
Dallas,13,13.642077173943228,9.72593252754279,0,8.173450865351079
Detroit,4,5.420836383818116,3.716222708496025,0,1.8938037817964337
Detroit,8,10.096639481006253,7.9672813542453165,0,4.948875570673095
Detroit,13,16.29697349602869,13.123906989064364,0,9.203646713039335
Houston,4,3.6062764568006047,1.9203816284764776,0,1.4694766746176877
Houston,8,6.795273026081988,4.059685450890733,0,3.7343740491859445
Houston,13,10.678729277429934,8.554349466230159,0,6.187299062663823
Los Angeles,4,3.19430266205931,2.0513975465669705,0,1.6087419549132236
Los Angeles,8,7.048140991730684,4.981973583413289,0,4.319309993354386
Los Angeles,13,12.971854324119272,10.81428892798442,0,9.144550566553669
Miami,4,2.0786675077075873,1.0731441952898402,0,1.1041238097627266
Miami,8,3.7813229270023747,2.470290988414782,0,2.5570660495353996
Miami,13,6.234757603565307,4.18682925381175,0,6.023966112512847
New York,4,2.058959035096626,1.4745722664680365,0,1.2102655238095126
New York,8,4.308612977564031,3.086395894568274,0,3.045274084400787
New York,13,8.190522900960948,6.771794727329209,0,4.620736890909445
Philadelphia,4,3.557682005918688,2.116623216518347,0,1.6893163349597378
Philadelphia,8,6.844434288531075,4.924727650693362,1,3.906212958933851
Philadelphia,13,11.923012045372554,9.702353484076651,0,8.805534683946274
Phoenix,4,1.8930882997914664,1.2261168698449787,0,1.2704180375258618
Phoenix,8,3.948029292772392,2.9497284032233666,0,3.039591957311653
Phoenix,13,7.220121835944925,6.191315722768236,0,7.838306035846073
Riverside,4,3.9879052304161497,2.809402173990823,0,1.5334635074631433
Riverside,8,7.788201435561953,6.244670525262299,0,4.1478841832316995
Riverside,13,13.027735395347595,11.204502319329332,0,10.322761765620806
San Francisco,4,4.608949940863244,3.879557894451555,0,3.6688786689963324
San Francisco,8,10.217732696750117,8.974217881347002,0,8.8026505586667
San Francisco,13,20.07330260318158,18.214679748216575,0,11.779517002103553
Seattle,4,6.267618229573599,4.441374348912663,0,4.061571092016729
Seattle,8,14.558603554151224,10.871408428138569,0,9.19474426407914
Seattle,13,29.093673536606993,23.77989586658416,0,16.681427319514697
Washington DC,4,5.211989477478059,3.227890905466239,0,2.878314350272911
Washington DC,8,10.562565655481233,7.617805371998034,0,6.720367328621441
Washington DC,13,19.600119079357142,15.396544739529354,0,14.200718567805705
