msa,horizon,naive_mape_tfm,timesfm_mape,n_timesfm_failed,fused_mape,cot_mape,naive_mape_cot
Atlanta,4,2.5037628984076807,1.7046413325737555,0,1.6512276739137333,1.7040707498527627,2.503762898407681
Atlanta,8,4.850390010004951,4.001465777160816,0,3.57591387769617,3.341974985168372,4.850390010004951
Atlanta,13,7.911104207808217,7.783283241928091,0,4.647714354528158,5.875339014571759,7.911104207808219
Boston,4,4.86684020945573,4.670327743868444,0,5.222964812360566,4.31211336429768,4.86684020945573
Boston,8,9.08562064555525,8.524243308154672,0,10.50843596205505,8.124317040934256,9.08562064555525
Boston,13,16.803319748581558,15.525249697427652,0,10.763650215170898,13.531639216473536,16.803319748581558
Chicago,4,4.210306199821788,1.7107971898969352,0,1.687452081530259,2.592851175114278,4.210306199821787
Chicago,8,8.526512557369431,3.9950554464226657,0,4.308890982375545,6.022733542850466,8.526512557369431
Chicago,13,15.237109224583609,8.398252983356846,0,8.936459977533508,11.825993597440656,15.237109224583609
Dallas,4,4.04833620383003,2.2186767151717506,0,1.3828386211475108,2.1267104478256056,4.04833620383003
Dallas,8,7.965101546856886,5.792379483896931,0,4.0773351271024,5.148896255564425,7.965101546856886
Dallas,13,13.642077173943232,12.133782471814406,0,8.173450865351079,9.72593252754279,13.642077173943228
Detroit,4,5.420836383818116,2.0776447833353,0,1.8938037817964335,3.716222708496025,5.420836383818116
Detroit,8,10.096639481006257,4.412171638775001,0,4.948875570673095,7.967281354245316,10.096639481006251
Detroit,13,16.296973496028695,8.2868715522296,0,9.203646713039335,13.123906989064364,16.29697349602869
Houston,4,3.606276456800605,2.0070644908554858,0,1.4694766746176875,1.9203816284764776,3.6062764568006047
Houston,8,6.795273026081988,4.71332210205452,0,3.734374049185945,4.059685450890733,6.795273026081988
Houston,13,10.678729277429934,9.134731276527846,0,6.187299062663823,8.554349466230159,10.678729277429934
Los Angeles,4,3.19430266205931,2.5891944407435803,0,1.6087419549132236,2.0513975465669705,3.19430266205931
Los Angeles,8,7.048140991730684,6.505448363179037,0,4.319309993354386,4.981973583413289,7.048140991730684
Los Angeles,13,12.971854324119274,12.774327277344272,0,9.144550566553669,10.81428892798442,12.971854324119272
Miami,4,2.078667507707588,1.574087342611032,0,1.1041238097627266,1.0731441952898402,2.078667507707588
Miami,8,3.7813229270023743,3.685569840302659,0,2.5570660495354,2.470290988414782,3.781322927002375
Miami,13,6.234757603565306,6.990496325282773,0,6.023966112512847,4.18682925381175,6.234757603565307
New York,4,2.0589590350966263,1.271225268751739,0,1.2102655238095126,1.4745722664680363,2.058959035096626
New York,8,4.308612977564032,3.07573905727218,0,3.045274084400787,3.086395894568274,4.308612977564031
New York,13,8.190522900960946,6.57983096574754,0,4.620736890909445,6.771794727329209,8.190522900960948
Philadelphia,4,3.557682005918688,1.801415189734904,0,1.6893163349597378,2.116623216518347,3.557682005918688
Philadelphia,8,6.844434288531075,3.6143662867206,0,3.906212958933851,4.924727650693362,6.844434288531075
Philadelphia,13,11.923012045372554,6.70973541136355,0,8.805534683946274,9.702353484076651,11.923012045372554
Phoenix,4,1.8930882997914664,1.4843196039110251,0,1.2704180375258618,1.2261168698449787,1.8930882997914664
Phoenix,8,3.9480292927723912,3.354430717232136,0,3.039591957311653,2.9497284032233666,3.948029292772392
Phoenix,13,7.220121835944925,6.426568148368109,0,7.838306035846073,6.191315722768236,7.220121835944925
Riverside,4,3.9879052304161497,1.5100894173051154,0,1.5334635074631433,2.809402173990823,3.9879052304161497
Riverside,8,7.788201435561953,3.2619733473661894,0,4.1478841832317,6.244670525262299,7.788201435561953
Riverside,13,13.027735395347596,5.352113665742409,0,10.322761765620806,11.204502319329332,13.027735395347596
San Francisco,4,4.608949940863244,4.243184698744032,0,3.668878668996333,3.879557894451555,4.608949940863244
San Francisco,8,10.217732696750115,9.669548112167222,0,8.8026505586667,8.974217881347002,10.217732696750115
San Francisco,13,20.07330260318158,19.161202171492462,0,11.779517002103551,18.21467974821657,20.07330260318158
Seattle,4,6.2676182295736,3.991100804743443,0,4.061571092016729,4.441374348912663,6.267618229573599
Seattle,8,14.558603554151224,9.330855380028176,0,9.19474426407914,10.871408428138569,14.558603554151224
Seattle,13,29.09367353660699,20.91146024800745,0,16.681427319514697,23.77989586658416,29.093673536606996
Washington DC,4,5.211989477478059,3.523775325216214,0,2.878314350272911,3.227890905466239,5.211989477478059
Washington DC,8,10.562565655481231,8.159910874223709,0,6.720367328621441,7.617805371998034,10.562565655481231
Washington DC,13,19.600119079357142,15.971986957255975,0,14.200718567805705,15.396544739529354,19.600119079357142
