fold,msa,horizon_weeks,regime,mape,rmse,n_origins
1,Atlanta,4,stable,2.5037628984076807,381.20017328245694,29
1,Atlanta,8,stable,4.850390010004951,750.7726060456048,29
1,Atlanta,13,stable,7.911104207808217,1176.070494636194,29
1,Boston,4,stable,4.86684020945573,365.3868085256594,29
1,Boston,8,stable,9.08562064555525,615.1139462650964,29
1,Boston,13,stable,16.803319748581558,947.9513904970053,29
1,Chicago,4,stable,4.210306199821788,1163.103466045248,29
1,Chicago,8,stable,8.526512557369431,2312.053181981522,29
1,Chicago,13,stable,15.237109224583609,3830.703225187769,29
1,Dallas,4,stable,4.04833620383003,644.0504266564291,29
1,Dallas,8,stable,7.965101546856886,1270.4682114356451,29
1,Dallas,13,stable,13.642077173943232,2047.447260932598,29
1,Detroit,4,stable,5.4208363838181155,534.154469876975,29
1,Detroit,8,stable,10.096639481006257,1035.0468572743293,29
1,Detroit,13,stable,16.296973496028695,1647.77445175781,29
1,Houston,4,stable,3.606276456800605,578.1963179832635,29
1,Houston,8,stable,6.795273026081988,1112.8445460452829,29
1,Houston,13,stable,10.678729277429934,1705.1990094152209,29
1,Los Angeles,4,stable,3.19430266205931,447.3173710069798,29
1,Los Angeles,8,stable,7.048140991730684,944.9739635364463,29
1,Los Angeles,13,stable,12.971854324119274,1584.4856998824832,29
1,Miami,4,stable,2.0786675077075873,532.0343596483572,29
1,Miami,8,stable,3.7813229270023743,958.8184384615092,29
1,Miami,13,stable,6.234757603565306,1524.7736088117413,29
1,New York,4,stable,2.0589590350966263,1175.5191072246905,29
1,New York,8,stable,4.308612977564032,2439.797753285392,29
1,New York,13,stable,8.190522900960946,4309.3353487836275,29
1,Philadelphia,4,stable,3.5576820059186876,448.67770024164673,29
1,Philadelphia,8,stable,6.844434288531075,865.5598800055556,29
1,Philadelphia,13,stable,11.923012045372554,1435.4639771444592,29
1,Phoenix,4,stable,1.8930882997914664,240.26290338573338,29
1,Phoenix,8,stable,3.9480292927723912,517.6210077717825,29
1,Phoenix,13,stable,7.220121835944925,924.3087259676188,29
1,Riverside,4,stable,3.9879052304161497,325.89690402150137,29
1,Riverside,8,stable,7.788201435561953,650.2100019101434,29
1,Riverside,13,stable,13.027735395347595,1063.9972816888223,29
1,San Francisco,4,stable,4.608949940863244,242.54895254995037,29
1,San Francisco,8,stable,10.217732696750117,475.92269943151354,29
1,San Francisco,13,stable,20.07330260318158,790.6162074365599,29
1,Seattle,4,stable,6.2676182295736,297.2066659581102,29
1,Seattle,8,stable,14.558603554151224,577.3039594407811,29
1,Seattle,13,stable,29.09367353660699,941.4331779676372,29
1,Washington DC,4,stable,5.211989477478059,623.561370753285,29
1,Washington DC,8,stable,10.562565655481233,1180.8753696560484,29
1,Washington DC,13,stable,19.600119079357142,1949.9889656213254,29
2,Atlanta,4,hiking,5.161830230177411,921.1428379984493,13
2,Atlanta,4,stable,4.281850638815367,607.2063723935632,16
2,Atlanta,8,hiking,7.331729603027467,1364.9138186251523,13
2,Atlanta,8,stable,8.606321697081553,1390.8982684221764,16
2,Atlanta,13,hiking,8.7488795918076,1644.1488017440677,13
2,Atlanta,13,stable,14.538762258276968,2599.768964975324,16
2,Boston,4,hiking,3.0213708776534087,233.84595994662115,13
2,Boston,4,stable,11.055788526718299,699.6356489018633,16
2,Boston,8,hiking,3.9274125079291204,319.6931032544223,13
2,Boston,8,stable,17.439806173688137,1215.3377618616412,16
2,Boston,13,hiking,4.462896449885617,377.65209442219043,13
2,Boston,13,stable,23.09386196703494,1745.4306942102453,16
2,Chicago,4,hiking,3.5335631448666076,843.094890761755,13
2,Chicago,4,stable,4.96483256728835,966.913903081761,16
2,Chicago,8,hiking,4.755651080803634,1160.0877270639921,13
2,Chicago,8,stable,9.219027720303748,1979.4830928594652,16
2,Chicago,13,hiking,5.619829485587068,1389.2398658340737,13
2,Chicago,13,stable,14.428839963498227,3359.5485092830622,16
2,Dallas,4,hiking,6.66043762754553,1050.7954302715539,13
2,Dallas,4,stable,10.718784147105815,1088.8804613020557,16
2,Dallas,8,hiking,8.765245709404741,1452.7514308034179,13
2,Dallas,8,stable,17.290769969011546,2063.1337344746644,16
2,Dallas,13,hiking,9.806884437379189,1634.639326564572,13
2,Dallas,13,stable,23.0719801025104,3294.6303240077627,16
2,Detroit,4,hiking,5.0817105467568915,580.9318866697059,13
2,Detroit,4,stable,6.344377951778833,541.8102374120184,16
2,Detroit,8,hiking,6.949601346872059,825.2116119167398,13
2,Detroit,8,stable,11.809294076980482,1139.8110683280627,16
2,Detroit,13,hiking,7.984553032975757,953.0782797048164,13
2,Detroit,13,stable,18.451263298033282,1989.4789431098006,16
2,Houston,4,hiking,5.277815241075094,927.7644374776057,13
2,Houston,4,stable,3.890164302229467,540.5363436093878,16
2,Houston,8,hiking,7.532653703486428,1388.025356610357,13
2,Houston,8,stable,7.780210822258843,1232.01455493823,16
2,Houston,13,hiking,8.972404644389226,1665.7227601800403,13
2,Houston,13,stable,13.257472624301236,2348.645121283919,16
2,Los Angeles,4,hiking,4.925236883951737,841.7950996784946,13
2,Los Angeles,4,stable,6.625615753175563,835.7861981600527,16
2,Los Angeles,8,hiking,6.924637344118718,1219.2116075707277,13
2,Los Angeles,8,stable,12.178432042696436,1743.3071316763615,16
2,Los Angeles,13,hiking,7.742882836092635,1351.6780917747883,13
2,Los Angeles,13,stable,18.803622578614586,2991.4794353051802,16
2,Miami,4,hiking,5.043299082897489,1234.0571252683353,13
2,Miami,4,stable,3.7671655724864723,741.7820321987251,16
2,Miami,8,hiking,7.370326291075748,1888.6464836098205,13
2,Miami,8,stable,7.136399350394394,1589.1678725546299,16
2,Miami,13,hiking,9.387014107375693,2492.116238260161,13
2,Miami,13,stable,11.415441258975681,2850.338865869464,16
2,New York,4,hiking,1.822852051665598,945.3560763788543,13
2,New York,4,stable,4.185946914073117,1924.118753622829,16
2,New York,8,hiking,2.761933288621785,1451.505601104508,13
2,New York,8,stable,7.314590358201963,3574.8192672907835,16
2,New York,13,hiking,3.769430223946882,1990.0481188407794,13
2,New York,13,stable,10.512981637050055,5355.755505388431,16
2,Philadelphia,4,hiking,2.9310728610513643,352.8030097235455,13
2,Philadelphia,4,stable,4.838410909719707,488.51447983343246,16
2,Philadelphia,8,hiking,3.689808071952762,448.7152110520628,13
2,Philadelphia,8,stable,8.786369949411796,962.3612115135336,16
2,Philadelphia,13,hiking,3.6152184041907702,442.6395442574059,13
2,Philadelphia,13,stable,13.127831717683943,1525.3543614034106,16
2,Phoenix,4,hiking,7.117079046647033,1349.6771341780523,13
2,Phoenix,4,stable,6.099996172319926,820.3639101637436,16
2,Phoenix,8,hiking,10.352998745289597,2089.9890146097055,13
2,Phoenix,8,stable,12.026838422947105,1885.2046590607401,16
2,Phoenix,13,hiking,12.43761549767312,2567.432979224725,13
2,Phoenix,13,stable,19.79200553001902,3556.665988664379,16
2,Riverside,4,hiking,4.900093095463142,588.5825433911773,13
2,Riverside,4,stable,7.156018737690715,624.8350840489281,16
2,Riverside,8,hiking,6.62267528403882,822.9826504756381,13
2,Riverside,8,stable,13.287616584231436,1327.5990736257452,16
2,Riverside,13,hiking,7.388866673693148,917.3334794465142,13
2,Riverside,13,stable,20.507968158681148,2296.5191854381546,16
2,San Francisco,4,hiking,4.337481074157667,305.95916673372295,13
2,San Francisco,4,stable,9.214810750778351,472.20691506709676,16
2,San Francisco,8,hiking,5.477106793378287,392.6746749631379,13
2,San Francisco,8,stable,15.491656214141141,896.5488670111409,16
2,San Francisco,13,hiking,6.030478550418459,440.24200472068867,13
2,San Francisco,13,stable,21.858349334020183,1396.017448369415,16
2,Seattle,4,hiking,6.906469071004552,593.9748640248288,13
2,Seattle,4,stable,13.805839884197493,693.168095706018,16
2,Seattle,8,hiking,9.311471144655838,823.1286229669611,13
2,Seattle,8,stable,23.076935363949335,1393.9942353318902,16
2,Seattle,13,hiking,10.887366995128719,950.7029853862871,13
2,Seattle,13,stable,32.42433429476304,2307.063727616683,16
2,Washington DC,4,hiking,3.46951638300149,412.412151441049,13
2,Washington DC,4,stable,8.269425033003058,742.0833527869881,16
2,Washington DC,8,hiking,4.3056109195472265,520.0254875595108,13
2,Washington DC,8,stable,14.037770999905543,1393.5139030884275,16
2,Washington DC,13,hiking,4.447110983585453,548.6644032576926,13
2,Washington DC,13,stable,19.80245192590908,2138.219671368188,16
3,Atlanta,4,hiking,3.613736157106513,554.6326990371426,29
3,Atlanta,8,hiking,5.841098294651721,895.2185536284587,29
3,Atlanta,13,hiking,7.908881852880082,1199.3630340228362,29
3,Boston,4,hiking,5.798702071332972,292.40756094530906,29
3,Boston,8,hiking,8.553589126744807,434.15594914157265,29
3,Boston,13,hiking,10.557007002307817,548.7383500544296,29
3,Chicago,4,hiking,3.10935181891056,519.810836252171,29
3,Chicago,8,hiking,4.816250615878965,793.4162403275541,29
3,Chicago,13,hiking,6.446771189680623,1046.7987612535644,29
3,Dallas,4,hiking,5.0682433204081665,755.3542005806542,29
3,Dallas,8,hiking,8.597093331382219,1333.327942889935,29
3,Dallas,13,hiking,11.891429992167037,1895.487564689551,29
3,Detroit,4,hiking,4.310550962805144,367.11015558209374,29
3,Detroit,8,hiking,7.34506949802668,618.7696285941805,29
3,Detroit,13,hiking,10.386965175737526,863.1836573934382,29
3,Houston,4,hiking,1.8362384392417903,329.333936574485,29
3,Houston,8,hiking,3.0366520617224317,560.7602916260472,29
3,Houston,13,hiking,4.359981544187769,830.5937324794253,29
3,Los Angeles,4,hiking,3.4191034659998074,418.77469271166956,29
3,Los Angeles,8,hiking,5.402932223990367,655.6365888013827,29
3,Los Angeles,13,hiking,7.49163723897436,897.5113409894971,29
3,Miami,4,hiking,1.5178201249312637,432.4067712337608,29
3,Miami,8,hiking,2.496326500942373,716.316383364533,29
3,Miami,13,hiking,3.5283432978628158,1000.1609652533385,29
3,New York,4,hiking,2.1443340837612435,825.3188269124378,29
3,New York,8,hiking,3.1900059484016263,1226.6219404835017,29
3,New York,13,hiking,4.114484602407167,1590.8845356902252,29
3,Philadelphia,4,hiking,2.442455126784626,226.2475794326989,29
3,Philadelphia,8,hiking,3.509793107600236,320.1673074163681,29
3,Philadelphia,13,hiking,4.464535971445721,405.3083964372686,29
3,Phoenix,4,hiking,4.292143259691167,658.2990708387014,29
3,Phoenix,8,hiking,7.398552771474946,1106.8696896829526,29
3,Phoenix,13,hiking,11.291796383153006,1641.8730762405871,29
3,Riverside,4,hiking,3.6221735648326803,349.1071331804704,29
3,Riverside,8,hiking,6.065665267050088,574.0445173947644,29
3,Riverside,13,hiking,8.680742768870754,800.6422722464664,29
3,San Francisco,4,hiking,5.6702951941226765,224.97728332112283,29
3,San Francisco,8,hiking,7.703651262589508,312.9849278826041,29
3,San Francisco,13,hiking,9.506562660224212,407.3894983637589,29
3,Seattle,4,hiking,7.254945376651912,325.81876286874285,29
3,Seattle,8,hiking,11.76489583475389,527.2619495674927,29
3,Seattle,13,hiking,15.989984228138896,724.7699121506782,29
3,Washington DC,4,hiking,4.855944727570392,352.7517810422505,29
3,Washington DC,8,hiking,7.305046361675247,519.6741503152723,29
3,Washington DC,13,hiking,8.98641659622208,628.4224816726047,29
4,Atlanta,4,hiking,0.5804800274086591,121.61517175089628,1
4,Atlanta,4,stable,3.116317089937812,541.7666842026314,28
4,Atlanta,8,hiking,2.310386493683611,475.37616684053484,1
4,Atlanta,8,stable,5.348512739607593,978.0264692651238,28
4,Atlanta,13,hiking,2.3851644084529866,468.2861551198402,1
4,Atlanta,13,stable,7.8400009829591095,1519.7450022092344,28
4,Boston,4,hiking,3.4012498314781134,196.96763693561437,1
4,Boston,4,stable,7.953234129056051,376.35994226259197,28
4,Boston,8,hiking,3.211685784520558,189.24917437072216,1
4,Boston,8,stable,14.81282048296525,732.5134952220313,28
4,Boston,13,hiking,9.950063923466164,633.0188355442879,1
4,Boston,13,stable,22.43502589046338,1147.0625115298028,28
4,Chicago,4,hiking,1.145200083990206,189.68262967388446,1
4,Chicago,4,stable,3.7948336064579498,556.3742619379908,28
4,Chicago,8,hiking,1.1777398948083968,217.1511570312256,1
4,Chicago,8,stable,6.995345922828313,1044.612724099286,28
4,Chicago,13,hiking,5.573031692040325,1186.532018434071,1
4,Chicago,13,stable,10.704725990215163,1601.7104809287719,28
4,Dallas,4,hiking,2.854096482246469,567.4682810519016,1
4,Dallas,4,stable,3.2780781197431272,635.305739370821,28
4,Dallas,8,hiking,4.2570456502842795,841.0836759799823,1
4,Dallas,8,stable,5.824365720899599,1195.7508470756586,28
4,Dallas,13,hiking,3.725885970552571,752.6112491238038,1
4,Dallas,13,stable,8.841042170885492,1957.3743380364704,28
4,Detroit,4,hiking,1.6573030035671148,151.09847782158496,1
4,Detroit,4,stable,2.9675055011591884,246.4250654740387,28
4,Detroit,8,hiking,2.486156052393562,232.50510747078224,1
4,Detroit,8,stable,5.515328676494915,467.1861579074298,28
4,Detroit,13,hiking,3.2589930344982525,330.5137027300195,1
4,Detroit,13,stable,8.963553510332217,774.422295666369,28
4,Houston,4,hiking,1.2384582855895565,262.4323722409261,1
4,Houston,4,stable,2.306022837153629,471.6885747157048,28
4,Houston,8,hiking,2.3561740062652854,495.47048348009594,1
4,Houston,8,stable,4.042946576398797,873.0486558728354,28
4,Houston,13,hiking,2.010113728752078,433.17193246668586,1
4,Houston,13,stable,6.092441251803558,1392.1526003340514,28
4,Los Angeles,4,hiking,1.8711693778277434,249.53306394143442,1
4,Los Angeles,4,stable,4.073093757393235,480.08980315916864,28
4,Los Angeles,8,hiking,2.884822611795443,381.7255231183789,1
4,Los Angeles,8,stable,6.974258146509022,864.697987952003,28
4,Los Angeles,13,hiking,3.9269516156113395,553.8938387591837,1
4,Los Angeles,13,stable,10.334088781047557,1351.0157994337696,28
4,Miami,4,hiking,4.427098821846894,1319.5723739151256,1
4,Miami,4,stable,3.253420045481934,1168.0208499810801,28
4,Miami,8,hiking,8.304520509135674,2707.960140954811,1
4,Miami,8,stable,5.3922110797196705,2031.3582243468977,28
4,Miami,13,hiking,11.927237270514377,4021.6264887958723,1
4,Miami,13,stable,7.646385465654217,2989.505422969495,28
4,New York,4,hiking,2.3443329524666225,887.850916539483,1
4,New York,4,stable,3.6995320586719447,1277.2320607947295,28
4,New York,8,hiking,2.7156368024341173,1043.7016455865153,1
4,New York,8,stable,6.579969666397903,2338.700095756811,28
4,New York,13,hiking,4.425757434226943,1839.1738739068524,1
4,New York,13,stable,9.800653679752624,3549.2305946136707,28
4,Philadelphia,4,hiking,3.203929335948466,313.28421600840346,1
4,Philadelphia,4,stable,3.523074126793471,324.02029644518063,28
4,Philadelphia,8,hiking,3.8810325861634056,385.36460008672304,1
4,Philadelphia,8,stable,6.318075831405683,591.0127895160256,28
4,Philadelphia,13,hiking,4.324289791616641,446.1159731935873,1
4,Philadelphia,13,stable,9.472875965243873,897.0037892138677,28
4,Phoenix,4,hiking,6.434907403601764,906.34637418594,1
4,Phoenix,4,stable,4.414462223110554,628.5456991236753,28
4,Phoenix,8,hiking,11.212566426358988,1687.6162182202445,1
4,Phoenix,8,stable,6.444840820400323,944.2199115381142,28
4,Phoenix,13,hiking,12.573738282954594,1854.4664171420557,1
4,Phoenix,13,stable,7.144584368789256,1059.9415561088742,28
4,Riverside,4,hiking,2.8235094388463415,286.182197210099,1
4,Riverside,4,stable,2.5492887873443797,250.41608010410116,28
4,Riverside,8,hiking,5.216983476937406,540.1555331568862,1
4,Riverside,8,stable,4.245269038187437,436.9266601079316,28
4,Riverside,13,hiking,4.87825325947486,506.49420985375997,1
4,Riverside,13,stable,6.1589073722132905,663.6802894661035,28
4,San Francisco,4,hiking,3.0845373689824167,160.9114663409665,1
4,San Francisco,4,stable,10.523904385149933,425.1477321159108,28
4,San Francisco,8,hiking,3.084319026807466,170.21787508954517,1
4,San Francisco,8,stable,18.85165826290131,795.7083409386231,28
4,San Francisco,13,hiking,14.82036791848442,806.8856081349974,1
4,San Francisco,13,stable,27.000693736775908,1175.1948800443654,28
4,Seattle,4,hiking,1.0908723911121605,70.3882092399004,1
4,Seattle,4,stable,9.320975220071364,383.1655386770611,28
4,Seattle,8,hiking,4.497097321729478,304.6965703778105,1
4,Seattle,8,stable,17.509053642984917,755.2672016216129,28
4,Seattle,13,hiking,17.135092317226132,941.7300772841114,1
4,Seattle,13,stable,26.512208995829024,1199.1895662596755,28
4,Washington DC,4,hiking,2.8068770687279736,224.02734208127364,1
4,Washington DC,4,stable,6.558666749499238,452.75683207311965,28
4,Washington DC,8,hiking,2.8274793368447586,232.35855912791334,1
4,Washington DC,8,stable,12.109330698905982,868.0637107505501,28
4,Washington DC,13,hiking,7.456075239072776,672.6254529825644,1
4,Washington DC,13,stable,18.134864145426565,1338.729789011056,28
5,Atlanta,4,stable,1.636740170334925,407.97714037727997,16
5,Atlanta,4,cutting,2.822376835755632,664.6038260488192,13
5,Atlanta,8,stable,2.812660999942122,729.4624312526396,16
5,Atlanta,8,cutting,4.799565519507485,1165.991999575294,13
5,Atlanta,13,stable,4.2224137906229515,1107.432279207207,16
5,Atlanta,13,cutting,6.561863752659926,1688.1683581813268,13
5,Boston,4,stable,4.253431255852713,320.9475898051544,16
5,Boston,4,cutting,12.095219423652368,594.4634361117672,13
5,Boston,8,stable,8.522653340695879,621.7912614400925,16
5,Boston,8,cutting,19.758306133306192,919.4647589311537,13
5,Boston,13,stable,16.66007668188129,1036.0619114214323,16
5,Boston,13,cutting,25.76953574700512,1260.0247618468738,13
5,Chicago,4,stable,2.2935582718001535,436.9072826366965,16
5,Chicago,4,cutting,5.9914791176383995,930.2640147958779,13
5,Chicago,8,stable,4.4685592456176,882.2215781399838,16
5,Chicago,8,cutting,9.78042251035254,1458.7733445834124,13
5,Chicago,13,stable,8.199991637395527,1539.8435414073876,16
5,Chicago,13,cutting,12.436024375218217,1789.9880248606544,13
5,Dallas,4,stable,0.7912819234610067,227.11293144173348,16
5,Dallas,4,cutting,3.3715409199008066,858.0867100448023,13
5,Dallas,8,stable,1.5702965916824998,483.31208561532446,16
5,Dallas,8,cutting,5.5623660681177824,1441.0501293315365,13
5,Dallas,13,stable,3.3076248438247515,1014.5920139341472,16
5,Dallas,13,cutting,7.5713071086853745,2077.778622407604,13
5,Detroit,4,stable,2.4189891353972675,245.81526746388468,16
5,Detroit,4,cutting,5.170765875145218,461.40188156286433,13
5,Detroit,8,stable,3.997990006497914,422.7998668070328,16
5,Detroit,8,cutting,9.146613390906463,791.7312118695535,13
5,Detroit,13,stable,6.524827343854418,688.5631133089134,16
5,Detroit,13,cutting,12.0713255881932,1005.7971365634583,13
5,Houston,4,stable,0.5742299472166552,152.55276060960955,16
5,Houston,4,cutting,1.7286445077553556,445.06746340682207,13
5,Houston,8,stable,1.0130527899931123,281.44320478325034,16
5,Houston,8,cutting,3.1753958711999704,868.0457263466724,13
5,Houston,13,stable,1.75859921550492,508.51874451731464,16
5,Houston,13,cutting,4.826854463589073,1435.6986736121714,13
5,Los Angeles,4,stable,1.9465231602169226,346.871749066392,16
5,Los Angeles,4,cutting,6.660613812968155,1001.7710966893378,13
5,Los Angeles,8,stable,3.8109828370068723,703.9833213400088,16
5,Los Angeles,8,cutting,10.304515262013341,1581.0582170936168,13
5,Los Angeles,13,stable,7.021504333481668,1249.2421969111656,16
5,Los Angeles,13,cutting,12.262713466397495,2004.5247166589158,13
5,Miami,4,stable,1.3241402733815963,622.718215150903,16
5,Miami,4,cutting,2.159239892383913,1114.9384595628983,13
5,Miami,8,stable,2.6406919033939946,1312.0378118656927,16
5,Miami,8,cutting,3.8379885048412286,2091.210331011288,13
5,Miami,13,stable,4.278254353512683,2167.7471139897793,16
5,Miami,13,cutting,5.988643876476629,3378.848384271067,13
5,New York,4,stable,1.8938077092435792,760.5453677023735,16
5,New York,4,cutting,5.425870046427445,1732.9507639293165,13
5,New York,8,stable,3.5047258932275565,1427.0307923229236,16
5,New York,8,cutting,8.748425038709708,2782.773477885174,13
5,New York,13,stable,6.6343326539499134,2551.778045862375,16
5,New York,13,cutting,11.223009682816656,3672.4965674341747,13
5,Philadelphia,4,stable,1.5505718588218245,177.1186987681408,16
5,Philadelphia,4,cutting,5.102617684385485,495.62254404341184,13
5,Philadelphia,8,stable,3.1321524510345804,382.1202610359347,16
5,Philadelphia,8,cutting,8.545756552835455,813.1070980443068,13
5,Philadelphia,13,stable,6.002103129871722,711.3137086813013,16
5,Philadelphia,13,cutting,11.268050595566539,1066.7723513859428,13
5,Phoenix,4,stable,2.7031629518348006,477.4721224410796,16
5,Phoenix,4,cutting,3.94762938724076,760.1333984157999,13
5,Phoenix,8,stable,4.7011857410163245,881.1919631888715,16
5,Phoenix,8,cutting,6.350304881394465,1296.8644470044833,13
5,Phoenix,13,stable,6.536107016115628,1266.6437588620395,16
5,Phoenix,13,cutting,8.778978637487548,1889.4479477900195,13
5,Riverside,4,stable,1.5381502441231132,198.82780735201368,16
5,Riverside,4,cutting,2.899336682312381,368.5974856006221,13
5,Riverside,8,stable,2.7108610596224607,372.2046553403966,16
5,Riverside,8,cutting,4.674457216600907,621.2993841278666,13
5,Riverside,13,stable,4.112384820710027,576.3227290794904,16
5,Riverside,13,cutting,5.981170457576327,844.3204742034104,13
5,San Francisco,4,stable,3.8400342351966925,267.16777884074935,16
5,San Francisco,4,cutting,14.906305086924716,673.7153885919574,13
5,San Francisco,8,stable,8.68705957787025,577.3909843497254,16
5,San Francisco,8,cutting,23.465846738115324,1070.1233357064837,13
5,San Francisco,13,stable,17.499313533607033,982.0890050510452,16
5,San Francisco,13,cutting,27.256059379348315,1385.3354035033262,13
5,Seattle,4,stable,4.004949410174163,307.5917769470594,16
5,Seattle,4,cutting,12.318467966796588,598.4490783044557,13
5,Seattle,8,stable,8.97817454624748,631.8749709888613,16
5,Seattle,8,cutting,20.016017752257042,925.3497811078523,13
5,Seattle,13,stable,19.534353473701508,1187.966627195469,16
5,Seattle,13,cutting,25.14281162914688,1224.6898236607676,13
5,Washington DC,4,stable,2.18546396463268,230.6037522582925,16
5,Washington DC,4,cutting,7.8621288785951196,627.6225037552458,13
5,Washington DC,8,stable,4.60486915234313,505.72832836732215,16
5,Washington DC,8,cutting,13.581212228966042,1101.1999585378444,13
5,Washington DC,13,stable,9.247494680422882,926.4586658532329,16
5,Washington DC,13,cutting,18.504519401912592,1660.1947662826208,13
6,Atlanta,4,stable,1.5748438367813002,473.74625252974437,29
6,Atlanta,8,stable,3.012836872073445,912.1471260172575,29
6,Atlanta,13,stable,4.995182409369174,1483.7399814152325,29
6,Boston,4,stable,4.755823511693135,399.75072353007835,29
6,Boston,8,stable,9.100885175981361,711.39923330622,29
6,Boston,13,stable,15.062737406609696,1044.7102943841944,29
6,Chicago,4,stable,2.53356767208623,458.2714551764465,29
6,Chicago,8,stable,5.0997541593812965,917.4835594994331,29
6,Chicago,13,stable,8.582849648928416,1483.3435118744712,29
6,Dallas,4,stable,2.240578439257513,743.0675903757817,29
6,Dallas,8,stable,4.156845537325394,1384.692357439742,29
6,Dallas,13,stable,6.629730983336888,2148.109785441715,29
6,Detroit,4,stable,3.0849063485125408,348.9242645438925,29
6,Detroit,8,stable,5.641977789819292,666.2647014568909,29
6,Detroit,13,stable,8.83404358639688,1045.3119664100095,29
6,Houston,4,stable,1.7903496931721454,599.4897856788202,29
6,Houston,8,stable,3.1594697396188156,1081.2250112148606,29
6,Houston,13,stable,4.681017326297251,1590.9108807535667,29
6,Los Angeles,4,stable,3.025291235939873,643.0836465428101,29
6,Los Angeles,8,stable,5.867556635065968,1228.7185117882184,29
6,Los Angeles,13,stable,9.355791999196754,1888.7933588018889,29
6,Miami,4,stable,0.9390368932150378,500.8287871483687,29
6,Miami,8,stable,1.6466525842848443,897.352794719825,29
6,Miami,13,stable,2.3639961587906386,1289.9278671161696,29
6,New York,4,stable,2.3452354622303173,948.4704639153487,29
6,New York,8,stable,4.233597510579716,1697.936167408394,29
6,New York,13,stable,6.528427715850168,2508.762957538237,29
6,Philadelphia,4,stable,2.2407695861844523,274.59247229831647,29
6,Philadelphia,8,stable,4.458848983471089,550.6687826165331,29
6,Philadelphia,13,stable,7.428252179755727,881.50535898102,29
6,Phoenix,4,stable,2.5776105162824794,549.6968053335665,29
6,Phoenix,8,stable,4.58764650732999,993.4455449712794,29
6,Phoenix,13,stable,5.973018506944536,1291.226725250967,29
6,Riverside,4,stable,1.412425917362507,215.9031222593783,29
6,Riverside,8,stable,2.7694927059936574,430.3531987958726,29
6,Riverside,13,stable,4.619324668533122,713.8416975029251,29
6,San Francisco,4,stable,4.987055111791883,337.4891480661655,29
6,San Francisco,8,stable,10.582900712259159,634.2098309804314,29
6,San Francisco,13,stable,18.379160121365615,997.9830673138533,29
6,Seattle,4,stable,5.5255898437720585,503.27398691901647,29
6,Seattle,8,stable,10.530365676129412,891.4453249554873,29
6,Seattle,13,stable,17.47061236523158,1366.2429123346506,29
6,Washington DC,4,stable,2.5605717633530336,355.46823886906066,29
6,Washington DC,8,stable,5.124791267166428,691.1477916562484,29
6,Washington DC,13,stable,8.883886264228385,1123.2139763348925,29
