h,open,full,gated,baseline
4,False,2.5356537300840447,1.235613402707638,1.235613402707638
8,False,3.0824643568994308,2.4321098904815712,2.4321098904815712
13,False,3.123846712069405,4.951321389338813,4.951321389338813
4,False,2.2654116700578055,0.8695075443117635,0.8695075443117635
8,False,2.7987087812403018,1.6813154784919293,1.6813154784919293
13,False,2.7661412551236073,3.8733567279612524,3.8733567279612524
4,False,2.0127616824048116,0.6198483509115817,0.6198483509115817
8,False,2.473749738556471,1.3069038594550737,1.3069038594550737
13,False,2.313310332044125,3.401759673922042,3.401759673922042
4,False,2.3248635296795794,0.3839995356032218,0.3839995356032218
8,False,2.5432197548817603,0.6692687709640128,0.6692687709640128
13,False,2.340204969680942,2.1738290886141862,2.1738290886141862
4,False,2.198499423153933,0.18500705103731435,0.18500705103731435
8,False,2.170179982101369,1.1655674274211971,1.1655674274211971
13,False,1.6683552602975316,3.3777205341777665,3.3777205341777665
4,False,2.0330175136584727,0.4533857626099414,0.4533857626099414
8,False,1.8028778254103677,1.8063077045366158,1.8063077045366158
13,False,1.049479760155218,4.424606868055469,4.424606868055469
4,False,1.7599134495305666,0.8524212288249993,0.8524212288249993
8,False,1.3899413116077362,2.3506601647595358,2.3506601647595358
13,False,0.6383385584630931,5.172047025608626,5.172047025608626
4,True,0.53868878165566,0.53868878165566,2.841538636045684
8,True,0.2631603951969907,0.2631603951969907,5.343523085577846
13,True,1.41009434012145,1.41009434012145,9.383156258533987
4,True,0.9820223858878676,0.9820223858878676,0.7713802652854368
8,True,0.5122759321250728,0.5122759321250728,1.8504540422987916
13,True,0.5592648905460662,0.5592648905460662,3.789559638674257
4,False,1.05484884192367,0.27890481974853815,0.27890481974853815
8,False,0.5160666524952382,1.161657455396919,1.161657455396919
13,False,0.5519770926938088,2.586811938618182,2.586811938618182
4,False,1.1893704570119983,0.2219033101817009,0.2219033101817009
8,False,0.4393119376824203,0.9773485154244927,0.9773485154244927
13,False,0.5712607601918741,2.036613286165084,2.036613286165084
4,False,1.2502523488072539,0.4994859895276132,0.4994859895276132
8,False,0.4775719318004238,0.738366013201364,0.738366013201364
13,False,0.4672729217384355,1.2744829577204009,1.2744829577204009
4,False,0.265602133361775,2.1221157885429247,2.1221157885429247
8,False,1.0369595818957071,4.082151229306655,4.082151229306655
13,False,2.0298926319944433,6.2619537800664276,6.2619537800664276
4,False,0.4404736734913945,0.9221421151184408,0.9221421151184408
8,False,0.6127347133499659,1.6642973358075914,1.6642973358075914
13,False,1.3651868725420335,2.4133768774165896,2.4133768774165896
4,False,0.5146220882466433,0.7145920883009851,0.7145920883009851
8,False,0.6256561733723576,1.0109044534030704,1.0109044534030704
13,False,1.338259596243401,1.4583727771562982,1.4583727771562982
4,False,0.7277620558620154,0.8718633326684593,0.8718633326684593
8,False,0.46605985021934104,1.6079160841652533,1.6079160841652533
13,False,0.4227856317197137,2.200796165935873,2.200796165935873
4,False,0.32337600293734736,0.24317724344246772,0.24317724344246772
8,False,0.4651268995339467,0.22827152060112343,0.22827152060112343
13,False,1.267203893933182,0.7938440521345465,0.7938440521345465
4,False,0.48115390920989304,0.26092480397377016,0.26092480397377016
8,False,0.39557863291666523,0.26461336017603504,0.26461336017603504
13,False,1.619607963743292,1.1965848464025608,1.1965848464025608
4,False,0.7384176545527699,0.4339531997888562,0.4339531997888562
8,False,0.26689904867442,0.6242634930679146,0.6242634930679146
13,False,1.6691893605506218,1.2035219119717349,1.2035219119717349
4,False,0.8299113124465265,0.4617050882178556,0.4617050882178556
8,False,0.37374943809953265,0.516381399792512,0.516381399792512
13,False,2.3013609953141794,2.048468521562984,2.048468521562984
4,False,1.3854957790405007,1.897906465999432,1.897906465999432
8,False,0.40638379492752935,2.0523207870182554,2.0523207870182554
13,False,2.1638181609331597,1.9495950817468546,1.9495950817468546
4,True,0.2478203538199097,0.2478203538199097,1.1222659574680565
8,True,1.4577230575864955,1.4577230575864955,3.2279531768577945
13,True,4.777688853694221,4.777688853694221,7.76356864673661
4,False,0.10953068326860697,0.8805904541660702,0.8805904541660702
8,False,1.7565126178864545,2.7992737772962615,2.7992737772962615
13,False,5.507183646045203,7.199128565247542,7.199128565247542
4,False,0.5616645839590779,1.382565861281264,1.382565861281264
8,False,2.488405069345489,3.5464659860499017,3.5464659860499017
13,False,6.753044514890212,8.34178924745354,8.34178924745354
4,False,0.9202087029585937,1.604889587069196,1.604889587069196
8,False,3.2489103144159674,4.001772145815355,4.001772145815355
13,False,7.644311038953735,8.605100418290272,8.605100418290272
4,False,0.5320259022287462,0.2843823330455806,0.2843823330455806
8,False,3.083187191721288,1.8786026325781566,1.8786026325781566
13,False,7.072149258835806,4.585191506762721,4.585191506762721
4,False,0.8329152654648622,0.8103333870575422,0.8103333870575422
8,False,3.9794511647716933,3.0607965862851505,3.0607965862851505
13,False,7.667082795086504,5.536206730838257,5.536206730838257
4,False,0.9384718057926029,0.7591958066877423,0.7591958066877423
8,False,4.559444168788388,2.8725455091062324,2.8725455091062324
13,False,7.462280423602103,3.8743879889357715,3.8743879889357715
4,False,2.312447437571467,2.561593657831869,2.561593657831869
8,False,6.378018183882313,5.761159818560866,5.761159818560866
13,False,8.579448490435354,6.772467367775062,6.772467367775062
4,False,7.893047729726348,2.913862006268798,2.913862006268798
8,False,9.66087467347573,2.2663956368555223,2.2663956368555223
13,False,7.881425015992888,8.930383787230253,8.930383787230253
4,True,2.6931154772919186,2.6931154772919186,7.899099853734263
8,True,2.9702664999462898,2.9702664999462898,16.228096222756697
13,True,4.825439998392664,4.825439998392664,32.110152251127765
4,False,1.7885390230995792,5.143692886021464,5.143692886021464
8,False,2.2718976245291014,11.57695534366836,11.57695534366836
13,False,4.164724372772858,23.124472644890343,23.124472644890343
4,False,3.796151882585845,1.6503241944818052,1.6503241944818052
8,False,3.0102510365528574,3.9010633066987435,3.9010633066987435
13,False,2.8079739566942177,8.448009787933934,8.448009787933934
4,False,1.5878997991845556,3.099273008704162,3.099273008704162
8,False,3.01701958279692,10.795157521318984,10.795157521318984
13,False,4.700820359442917,19.04134520923811,19.04134520923811
4,False,2.0871674396933337,1.9683475459468789,1.9683475459468789
8,False,2.818024693976751,5.623155971244293,5.623155971244293
13,False,3.189504171936714,8.820777134166363,8.820777134166363
4,False,2.6770025190034232,7.004151245772464,7.004151245772464
8,False,5.563388904746945,14.937629987123563,14.937629987123563
13,False,6.904330541608609,21.94671701643752,21.94671701643752
4,False,6.075144941296728,11.6318116386703,11.6318116386703
8,False,8.233156193032592,18.262882187579297,18.262882187579297
13,False,9.113921244258059,24.364211977438057,24.364211977438057
4,True,2.838474400628623,2.838474400628623,0.7031732508301444
8,True,2.272479103897891,2.272479103897891,4.2787739578746375
13,True,2.605758703550903,2.605758703550903,10.044798217431646
4,False,2.0133948820043686,1.7565316386639336,1.7565316386639336
8,False,1.4000249027584244,5.750594301729557,5.750594301729557
13,False,3.0447698257678053,12.070457628522783,12.070457628522783
4,False,0.9444658039129177,2.7930740500109477,2.7930740500109477
8,False,1.3874021634373523,6.720044567786429,6.720044567786429
13,False,3.8503389190458357,12.955021035652642,12.955021035652642
4,False,1.7229268277101397,6.051988950803257,6.051988950803257
8,False,3.310073787862114,10.939902884113827,10.939902884113827
13,False,6.389402406836503,18.176106008236843,18.176106008236843
4,False,0.4934456623378724,0.3421568683450841,0.3421568683450841
8,False,1.2251300144643094,0.7519204592143348,0.7519204592143348
13,False,3.0148570711555878,1.9954276797769344,1.9954276797769344
4,False,0.665945315481742,0.36967849026131866,0.36967849026131866
8,False,2.2255913198036175,2.0425782665043943,2.0425782665043943
13,False,3.4882135599473645,3.326310884135834,3.326310884135834
4,False,1.164331098424404,1.2604765232835755,1.2604765232835755
8,False,3.302961268699044,3.9561545005143173,3.9561545005143173
13,False,3.8254124148935675,4.690130796499291,4.690130796499291
4,False,0.5104407109417478,1.069002838416479,1.069002838416479
8,False,2.529569626882096,1.5583296350056908,1.5583296350056908
13,False,2.669860100526787,3.421731601095969,3.421731601095969
4,False,1.111814473689978,1.1180795777099222,1.1180795777099222
8,False,3.085962758252725,2.837095394800635,2.837095394800635
13,False,3.417935479856688,4.308984824510702,4.308984824510702
4,False,3.384678907104029,5.301533786033703,5.301533786033703
8,False,4.852665581987981,7.837327543334361,7.837327543334361
13,False,4.9039464449943555,6.900390150182914,6.900390150182914
4,False,3.1006833629261368,2.0235210298440856,2.0235210298440856
8,False,2.8032597883415553,2.4650124763455845,2.4650124763455845
13,False,6.625132874130698,11.4744716247202,11.4744716247202
4,False,3.12880658370129,1.353033303067292,1.353033303067292
8,False,2.659965590821068,4.376151105710635,4.376151105710635
13,False,9.744909196528468,17.946771763702102,17.946771763702102
4,False,1.530771771673078,2.6300496902678563,2.6300496902678563
8,False,3.6118832072589613,10.362150279242906,10.362150279242906
13,False,15.179409809559699,31.304181450371466,31.304181450371466
4,False,2.2694953673160017,8.346815373225699,8.346815373225699
8,False,7.900205447839867,20.7614859177345,20.7614859177345
13,False,24.185693308571864,50.64017310228461,50.64017310228461
4,True,2.513498952009267,2.513498952009267,4.21241204591684
8,True,8.618529312892745,8.618529312892745,13.0015653895023
13,True,25.582405589038444,25.582405589038444,35.57518131955926
4,False,3.2167437796864204,3.138453958069212,3.138453958069212
8,False,10.745076448167708,11.643454343925484,11.643454343925484
13,False,28.76827566850767,31.42433222195552,31.42433222195552
4,False,4.649329429437961,4.1388572476466186,4.1388572476466186
8,False,14.436363198620974,14.262897917536208,14.262897917536208
13,False,32.55739344663823,32.74731626104836,32.74731626104836
4,False,5.761361956724438,3.4363861503062267,3.4363861503062267
8,False,17.294055952714736,12.904827510249243,12.904827510249243
13,False,33.38851482223448,25.142719595122514,25.142719595122514
4,False,7.357025361484491,3.754066708991932,3.754066708991932
8,False,20.7526328810057,13.094625505305984,13.094625505305984
13,False,33.907630664191366,19.592202416971833,19.592202416971833
4,False,9.991205387885415,5.768303754231551,5.768303754231551
8,False,24.875534259623866,15.285539104761291,15.285539104761291
13,False,34.717517615726806,17.23062176714359,17.23062176714359
4,False,12.830606819102746,6.074928383907277,6.074928383907277
8,False,27.00384622126673,11.989424833875253,11.989424833875253
13,False,32.84425890083272,10.339173543290672,10.339173543290672
4,False,1.1096514160539361,0.6087128930229109,0.6087128930229109
8,False,2.3925262788285875,1.4375248132112193,1.4375248132112193
13,False,3.261102988820866,3.2878546083020557,3.2878546083020557
4,False,0.7368019998260155,2.0381952531249627,2.0381952531249627
8,False,1.0408539479865888,3.879636542655862,3.879636542655862
13,False,1.4979281522993961,6.711597101606216,6.711597101606216
4,False,0.6605042053290412,1.8375971429033175,1.8375971429033175
8,False,0.7747607470246625,3.245637726600807,3.245637726600807
13,False,1.2718895493083242,5.541183913147045,5.541183913147045
4,True,0.5403347807865382,0.5403347807865382,0.8551981918824294
8,True,1.507374502200624,1.507374502200624,0.5681994303186357
13,True,2.4257600751157753,2.4257600751157753,0.8471529572355646
4,False,0.7393197382078984,0.4760597179849984,0.4760597179849984
8,False,0.800070652780744,1.2881143413524805,1.2881143413524805
13,False,1.4275362792208877,2.885670073127172,2.885670073127172
4,False,1.0411437973240079,0.5895395721178734,0.5895395721178734
8,False,1.0083923361419742,0.8388615169125029,0.8388615169125029
13,False,1.413853479859095,2.2340767838992464,2.2340767838992464
4,False,1.1096547969454365,1.2186533497209096,1.2186533497209096
8,False,0.5813281309552298,2.0704155803542013,2.0704155803542013
13,False,0.9276524770107023,4.132545195556006,4.132545195556006
4,False,2.063314980326656,3.480081817672397,3.480081817672397
8,False,1.2930258199360187,5.396159439511332,5.396159439511332
13,False,1.2873383772185036,8.650005898447514,8.650005898447514
4,True,0.32577538133698214,0.32577538133698214,0.8317594820069487
8,True,0.9490927502644585,0.9490927502644585,1.170782189082819
13,True,1.6281593867378954,1.6281593867378954,1.275914503138861
4,False,0.44357006166314533,1.4629741579768893,1.4629741579768893
8,False,1.0730282460081333,1.3981640407524931,1.3981640407524931
13,False,1.8292438445585142,1.6195149433196394,1.6195149433196394
4,False,0.6005106562160955,0.39528376214007016,0.39528376214007016
8,False,0.9032908523704329,1.4372546098881323,1.4372546098881323
13,False,0.852364434782983,2.294022455114176,2.294022455114176
4,False,1.003501031926634,0.582911293910104,0.582911293910104
8,False,0.80261403585055,1.1787571243856259,1.1787571243856259
13,False,1.034098251647527,1.7339312489931646,1.7339312489931646
4,False,1.622448466664774,2.553264927951728,2.553264927951728
8,False,1.3104472155004987,4.445359688341617,4.445359688341617
13,False,1.0823002198129217,6.8069539693460985,6.8069539693460985
4,False,1.946285184183539,2.3855761639031803,2.3855761639031803
8,False,1.0621642764762314,3.0832352235128457,3.0832352235128457
13,False,1.0811578221220206,4.812180598651529,4.812180598651529
4,False,1.2993073612567567,0.3836929937240915,0.3836929937240915
8,False,0.38102704451780023,0.912967254458348,0.912967254458348
13,False,1.0421006374548707,0.9618386361976103,0.9618386361976103
4,False,0.6660208888459241,0.8517461319528917,0.8517461319528917
8,False,0.7356010297637461,2.1513957143969273,2.1513957143969273
13,False,1.4358323051022426,2.1120534940306017,2.1120534940306017
4,False,0.1424421196518305,1.6320977526959843,1.6320977526959843
8,False,1.1083083838233336,2.6125512089898386,2.6125512089898386
13,False,1.99790535855589,2.487391291581622,2.487391291581622
4,False,0.6152872018857569,1.836323560709522,1.836323560709522
8,False,1.2842106108135407,1.8978071804805392,1.8978071804805392
13,False,2.757523615771045,2.9051249766473886,2.9051249766473886
4,False,0.7206765900989042,0.4436826708276347,0.4436826708276347
8,False,1.3163284038415994,1.5325247145873842,1.5325247145873842
13,False,4.11004519291448,6.540516826423315,6.540516826423315
4,False,1.0313856069701346,0.9599094050507628,0.9599094050507628
8,False,1.8629552796759201,3.5019494095860413,3.5019494095860413
13,False,6.134215150075644,11.02073296703133,11.02073296703133
4,False,1.5542681022134277,1.9635243996286313,1.9635243996286313
8,False,2.808446753647011,5.233915304528369,5.233915304528369
13,False,8.60599249911515,14.589127550801853,14.589127550801853
4,False,2.282652315077101,2.5441587418595804,2.5441587418595804
8,False,4.128631753106249,6.321895576260711,6.321895576260711
13,False,11.195916242394786,16.695839330189102,16.695839330189102
4,False,2.1846468609634044,1.2149923562758194,1.2149923562758194
8,False,4.639271374001874,4.682789208857971,4.682789208857971
13,False,12.403549383395672,13.949396105068915,13.949396105068915
4,False,2.2330027256435008,0.6401778436962798,0.6401778436962798
8,False,5.705863971998452,4.680122963751588,4.680122963751588
13,False,14.02174009822408,13.410645067979992,13.410645067979992
4,False,2.9524431275536673,1.5945952269481316,1.5945952269481316
8,False,7.868562301942584,7.256505707225279,7.256505707225279
13,False,16.380083323081504,16.311248768167193,16.311248768167193
4,False,3.824362354461382,2.380623305486243,2.380623305486243
8,False,9.874810536442643,8.73524838614667,8.73524838614667
13,False,17.85060769287428,16.54458445569529,16.54458445569529
4,False,5.430142279050551,3.8063329639197634,3.8063329639197634
8,False,12.4601387561637,10.618654497790816,10.618654497790816
13,False,19.43219395860618,16.76431849654727,16.76431849654727
4,False,7.216442733304926,4.780378293713565,4.780378293713565
8,False,14.68798500552701,10.880097053951785,10.880097053951785
13,False,20.14165569426002,14.144718288275577,14.144718288275577
4,True,8.87038785901922,8.87038785901922,4.711280191577906
8,True,15.725955559963435,15.725955559963435,8.50247158373239
13,True,19.314900982623616,19.314900982623616,7.81120709664283
4,False,3.419010307869154,0.4188767038936312,0.4188767038936312
8,False,4.331578957996176,1.4870338401280934,1.4870338401280934
13,False,4.497819626988144,3.998687108858704,3.998687108858704
4,False,2.7054749539269523,1.3889668824394665,1.3889668824394665
8,False,3.2311625327324958,3.112260113875199,3.112260113875199
13,False,3.0025145747670448,6.528778141884032,6.528778141884032
4,False,2.4021029475899294,0.9842760376541847,0.9842760376541847
8,False,2.768927891599714,2.344270177636177,2.344270177636177
13,False,2.37653671210199,5.484160317877048,5.484160317877048
4,False,2.5941341871866497,0.27264501515727135,0.27264501515727135
8,False,2.788277685994504,0.8545579743409528,0.8545579743409528
13,False,2.2969498029614304,3.2522429774717727,3.2522429774717727
4,False,1.7686193489310305,1.0476778843748444,1.0476778843748444
8,False,1.642408945629552,2.8250450107497724,2.8250450107497724
13,False,1.0808516704631796,6.670812529053957,6.670812529053957
4,False,1.632747596746048,0.4231404984097002,0.4231404984097002
8,False,1.4600996454451491,1.8276896526625934,1.8276896526625934
13,False,1.0160860811414931,5.257693943446435,5.257693943446435
4,False,1.3666286945970239,0.8490156956794552,0.8490156956794552
8,False,0.9566073215506269,2.6961600248556334,2.6961600248556334
13,False,1.1349885234970092,6.565165903463674,6.565165903463674
4,False,0.8501814490812619,1.7069603930635688,1.7069603930635688
8,False,0.27882758245103484,4.085131214304257,4.085131214304257
13,False,1.5831534011230033,8.447503381703008,8.447503381703008
4,True,1.2261017609032188,1.2261017609032188,0.26888712989648433
8,True,0.4750063348957079,0.4750063348957079,1.736276249994919
13,True,1.314439974593736,1.314439974593736,4.51454580077696
4,False,0.9129119523825896,0.8969753651312303,0.8969753651312303
8,False,0.4560995695356931,3.08626969138361,3.08626969138361
13,False,1.9051056932259063,6.262482494931879,6.262482494931879
4,False,0.5262970232444049,1.3117987529838955,1.3117987529838955
8,False,0.8918372769098373,3.6206381558865552,3.6206381558865552
13,False,2.4369451391232833,6.5507125397181065,6.5507125397181065
4,False,0.3773217264912285,0.8314142896753803,0.8314142896753803
8,False,1.023341694650442,2.488051960316823,2.488051960316823
13,False,2.3186976422532273,4.301285599521328,4.301285599521328
4,False,0.38806933482365813,1.936978862517826,1.936978862517826
8,False,1.8760032271150757,3.9802919955673874,3.9802919955673874
13,False,3.197908257743952,6.105068298330904,6.105068298330904
4,False,0.44454807273058133,0.9907494565240635,0.9907494565240635
8,False,1.5901306612613397,1.7667027381826388,1.7667027381826388
13,False,2.6285611880245536,2.429475865355233,2.429475865355233
4,False,0.3311238228238068,0.19774903218605788,0.19774903218605788
8,False,1.1888241777413735,0.26873637720462185,0.26873637720462185
13,False,2.098441283528146,0.37347413697693926,0.37347413697693926
4,False,0.4476346467474084,0.26955392153442737,0.26955392153442737
8,False,1.1600542881281781,0.34790022604324516,0.34790022604324516
13,False,2.1932983079750077,0.44843549409821737,0.44843549409821737
4,False,0.4835629293650646,0.12901425531528357,0.12901425531528357
8,False,0.9923578964829793,0.6100954545194756,0.6100954545194756
13,False,2.250400007757514,0.7684187200831759,0.7684187200831759
4,False,0.4611740543716276,0.7866329827048428,0.7866329827048428
8,False,0.49415487944189207,1.72392090866146,1.72392090866146
13,False,1.995657375996616,1.7814122650378799,1.7814122650378799
4,False,0.49658181243471144,0.6246868421251863,0.6246868421251863
8,False,0.51999702061472,1.0772171657238274,1.0772171657238274
13,False,2.52991823099402,1.3726510122539894,1.3726510122539894
4,False,0.4043431737463046,0.4703906848805356,0.4703906848805356
8,False,0.6835997764913565,0.5033108493917603,0.5033108493917603
13,False,3.2796006343968296,2.0354107300162467,2.0354107300162467
4,False,0.35606468722563916,0.5788135730212397,0.5788135730212397
8,False,0.8656084206811304,0.6160944856533762,0.6160944856533762
13,False,4.031597066819974,2.9246666024834536,2.9246666024834536
4,False,0.32176949592630694,1.0324180221846857,1.0324180221846857
8,False,2.1451592935389456,2.97015698791971,2.97015698791971
13,False,6.111415230702902,7.588168181318158,7.588168181318158
4,False,0.2871108780932423,0.2819229263216581,0.2819229263216581
8,False,2.389269340710393,1.9714010636502826,1.9714010636502826
13,False,6.543684121713164,5.895975531191079,5.895975531191079
4,False,0.5063960338533495,0.5493234149759023,0.5493234149759023
8,False,3.0728571805494633,2.7658001522911024,2.7658001522911024
13,False,7.533578932441692,6.917331408208407,6.917331408208407
4,False,1.0071986972614366,1.2268725378827021,1.2268725378827021
8,False,4.133812905974408,4.119019224589205,4.119019224589205
13,False,8.648316035771817,8.448836922577437,8.448836922577437
4,False,1.5454813187660863,1.4659038612314026,1.4659038612314026
8,False,4.961053639909213,4.270142582676756,4.270142582676756
13,False,9.159797076551508,7.705599335129605,7.705599335129605
4,False,2.021973952453134,1.4857316251518975,1.4857316251518975
8,False,5.677399988644276,3.9815840756106264,3.9815840756106264
13,False,9.311189879170403,6.064282017922705,6.064282017922705
4,False,2.6009713424173317,1.741335176024532,1.741335176024532
8,False,6.378909781354124,3.905625357989473,3.905625357989473
13,False,9.366944263052067,4.7541018031191085,4.7541018031191085
4,False,3.170817325250678,1.6607226722334778,1.6607226722334778
8,False,6.714755413329304,3.0074437984361007,3.0074437984361007
13,False,8.821169728388377,2.640035243865835,2.640035243865835
4,False,1.6918690294020828,1.477201069779076,1.477201069779076
8,False,4.28926724764419,2.0100182686085497,2.0100182686085497
13,False,6.508393622246439,1.9479811455086302,1.9479811455086302
4,False,0.5517191216022819,2.3363782434125566,2.3363782434125566
8,False,2.2045749465281768,3.9812316167833663,3.9812316167833663
13,False,4.0145572806937615,6.274763893050802,6.274763893050802
4,False,0.39386505319059517,0.571765469980602,0.571765469980602
8,False,2.5636553701210913,1.1934581509220856,1.1934581509220856
13,False,4.731401694977221,1.870963975066655,1.870963975066655
4,False,1.7775932587499925,2.0348410107636092,2.0348410107636092
8,False,3.68594619428146,2.1548389891649387,2.1548389891649387
13,False,6.127676626017335,2.9077728696556284,2.9077728696556284
4,False,1.110465762122667,0.5845629506804833,0.5845629506804833
8,False,2.666482538548693,1.9568478036067367,1.9568478036067367
13,False,4.619877135634921,3.0775959713088974,3.0775959713088974
4,False,1.2384984090038564,0.8799321728781049,0.8799321728781049
8,False,2.892004613440069,1.1575660703254833,1.1575660703254833
13,False,4.781057302110354,1.750501749477814,1.750501749477814
4,False,0.8366894288728731,2.256752952988129,2.256752952988129
8,False,1.8651048195754423,3.3241692133138523,3.3241692133138523
13,False,3.4166334745570093,5.14664905756593,5.14664905756593
4,False,1.2284236060096871,3.587873173880612,3.587873173880612
8,False,1.133577096260313,4.356918243178539,4.356918243178539
13,False,2.440454578740575,6.490124794289115,6.490124794289115
4,True,1.0965786202388879,1.0965786202388879,2.8993934180475915
8,True,3.7881888345341195,3.7881888345341195,5.565198253990093
13,True,5.924984081422628,5.924984081422628,7.557119162738774
4,False,1.4488878918610868,1.9189378982681053,1.9189378982681053
8,False,3.5625240234139155,2.8903765283236447,2.8903765283236447
13,False,5.26461418145359,3.0894901546141416,3.0894901546141416
4,False,1.4432381198829047,0.8581787501306124,0.8581787501306124
8,False,3.0460308667184877,0.7914339613738126,0.7914339613738126
13,False,4.399913243353015,1.5315593493732709,1.5315593493732709
4,False,1.9326405900046881,1.2819021437703428,1.2819021437703428
8,False,3.1490176279006894,0.9849385056500656,0.9849385056500656
13,False,4.388429435320136,1.7344073051288003,1.7344073051288003
4,False,0.5914024490155944,2.7817964728496,2.7817964728496
8,False,0.947194415696204,5.919152313941091,5.919152313941091
13,False,1.5159009379629758,10.064928205695013,10.064928205695013
4,False,0.6014882678604989,1.180497714790226,1.180497714790226
8,False,1.3201876104538732,2.6628533196300928,2.6628533196300928
13,False,2.0133702140450698,5.156345948037677,5.156345948037677
4,False,0.5167886380941594,0.7845568943445852,0.7845568943445852
8,False,1.4150719815927717,1.6228270879190327,1.6228270879190327
13,False,1.958289224136238,3.7338500319447916,3.7338500319447916
4,False,0.4538882383703641,1.6344246447658293,1.6344246447658293
8,False,0.8787527939525703,2.662013398974028,2.662013398974028
13,False,1.3730239197003422,5.481144732226691,5.481144732226691
4,False,0.11242700241946328,0.20420039525798306,0.20420039525798306
8,False,1.4043310383525667,0.38813665865853986,0.38813665865853986
13,False,1.7983727926249848,2.3029149602680272,2.3029149602680272
4,False,0.5960365231061882,0.6504098480128744,0.6504098480128744
8,False,1.637386101348395,0.6349682370826563,0.6349682370826563
13,False,2.038766936345961,2.398732025474097,2.398732025474097
4,False,0.6602004110809245,0.3265878003843074,0.3265878003843074
8,False,1.263049380468535,0.9605010868645769,0.9605010868645769
13,False,2.239939386310847,4.267955669640914,4.267955669640914
4,False,0.8266716020644261,0.5217620898058908,0.5217620898058908
8,False,1.2611078541700935,1.291722227588134,1.291722227588134
13,False,2.8097970163221313,5.23363234204441,5.23363234204441
4,False,0.6438904949401285,1.55549206250479,1.55549206250479
8,False,1.198103980426026,4.3930340686028195,4.3930340686028195
13,False,4.181529094402828,11.125180175105152,11.125180175105152
4,False,0.9353355325750036,2.1648730406604706,2.1648730406604706
8,False,1.8002354884378113,5.326116218395861,5.326116218395861
13,False,5.802355828337238,12.87967167620997,12.87967167620997
4,False,0.921139499411768,0.7179834885118863,0.7179834885118863
8,False,2.0207532684357425,3.0464011815039878,3.0464011815039878
13,False,6.597152481267308,9.530395346234794,9.530395346234794
4,False,1.333479703469862,1.136130708660724,1.136130708660724
8,False,2.9905442114886402,4.098506625709615,4.098506625709615
13,False,8.455063910606487,11.366857822414524,11.366857822414524
4,False,1.6193028673986432,1.0594270415459497,1.0594270415459497
8,False,3.967803022592912,4.382283406230153,4.382283406230153
13,False,9.822446776962325,11.410132607952841,11.410132607952841
4,False,2.203352245922288,1.5034916256366777,1.5034916256366777
8,False,5.320650913778404,5.379030726639954,5.379030726639954
13,False,11.259539033234422,12.06373738009965,12.06373738009965
4,False,2.9518856921682137,2.0308102300728486,2.0308102300728486
8,False,6.975254168898323,6.467724597622819,6.467724597622819
13,False,12.583225156645192,12.275030777960595,12.275030777960595
4,False,3.5938296695921412,1.972623788201738,1.972623788201738
8,False,8.37699178743151,6.318107705325847,6.318107705325847
13,False,13.27523762301713,10.270112912610326,10.270112912610326
4,False,4.757757811815117,2.7063447770762297,2.7063447770762297
8,False,9.95998419594146,6.9728864846183125,6.9728864846183125
13,False,14.18653502561091,9.652334589786792,9.652334589786792
4,False,3.121890532641229,0.22198705548519748,0.22198705548519748
8,False,4.237523424556346,0.4601066210497961,0.4601066210497961
13,False,5.342789810604724,1.2755945473891461,1.2755945473891461
4,False,2.621286929174153,0.7935909071290665,0.7935909071290665
8,False,3.561020657660367,1.7979615385506238,1.7979615385506238
13,False,4.385469599899621,3.47605302143081,3.47605302143081
4,False,2.191479836482938,1.1816829702117992,1.1816829702117992
8,False,3.1031624800394253,2.1292526778020617,2.1292526778020617
13,False,3.7352572216379167,4.0085171936460915,4.0085171936460915
4,True,2.6086884339639105,2.6086884339639105,0.2715530092716892
8,True,3.574058335571989,3.574058335571989,0.23531166785401994
13,True,4.188223810671127,4.188223810671127,1.0839900622000669
4,False,2.3130319477802703,0.4602628656136672,0.4602628656136672
8,False,3.105648351006032,1.0218279441114146,1.0218279441114146
13,False,3.288010239271303,3.003294759256331,3.003294759256331
4,False,2.456592585646401,0.09897715709796204,0.09897715709796204
8,False,3.1999732593909544,0.31744065324929815,0.31744065324929815
13,False,3.135916041469173,2.2133946012690107,2.2133946012690107
4,False,2.4088785236310772,0.11983641623048537,0.11983641623048537
8,False,2.9416859097523,0.5913260172451065,0.5913260172451065
13,False,2.549127132684209,2.9081410574239266,2.9081410574239266
4,False,1.8864614052649835,0.9001820499823079,0.9001820499823079
8,False,2.0784719207096294,2.3424400305091657,2.3424400305091657
13,False,1.2686562761790496,5.757425158611389,5.757425158611389
4,False,2.1112680128852124,0.07641246634150431,0.07641246634150431
8,False,2.0891824075182495,1.2679972160562245,1.2679972160562245
13,False,1.2049124870842194,4.071716374485593,4.071716374485593
4,False,1.9397485385342947,0.37162173265282156,0.37162173265282156
8,False,1.4977781743534677,2.198956403172874,2.198956403172874
13,False,0.8227725775042596,5.385128569594158,5.385128569594158
4,False,1.5817908058499937,0.8690880220701093,0.8690880220701093
8,False,0.8136780572163892,3.1044303568701683,3.1044303568701683
13,False,0.9304695768286287,6.45525282022318,6.45525282022318
4,False,1.271949097199188,1.0825479667233608,1.0825479667233608
8,False,0.31469516534495334,3.3011497342154645,3.3011497342154645
13,False,1.1288472188905563,6.298053089895836,6.298053089895836
4,False,0.5101536920070988,2.1164629088794578,2.1164629088794578
8,False,0.6430171040155225,4.651888478674278,4.651888478674278
13,False,1.8750169519897737,7.766628961856786,7.766628961856786
4,True,0.3988078921340723,0.3988078921340723,1.2848981802239372
8,True,0.630648576712831,0.630648576712831,2.718590171335944
13,True,1.547080198215751,1.547080198215751,4.326719697337133
4,False,0.418545622385218,0.5289753526329688,0.5289753526329688
8,False,0.4499806440012899,1.154610024239224,1.154610024239224
13,False,1.131697756271551,1.6807374579568293,1.6807374579568293
4,False,0.391651458624274,0.4584583377334129,0.4584583377334129
8,False,0.4742701917500927,0.7998430105985898,0.7998430105985898
13,False,1.0952620960026778,1.0396035104039716,1.0396035104039716
4,False,0.36702806767768964,0.35684625536160336,0.35684625536160336
8,False,0.4872718208161943,0.3620295288183317,0.3620295288183317
13,False,1.0829133514257125,0.4355822768838434,0.4355822768838434
4,False,0.43183515497851843,0.1864534015828017,0.1864534015828017
8,False,0.4020467703816165,0.6054929785016157,0.6054929785016157
13,False,0.8761914978751046,0.8111264583619245,0.8111264583619245
4,False,0.5079701544339883,0.10363151933216212,0.10363151933216212
8,False,0.43099183151045045,0.2604322395457327,0.2604322395457327
13,False,1.2844297016418351,0.5764956778376449,0.5764956778376449
4,False,0.5590627001421161,0.42566407318101906,0.42566407318101906
8,False,0.36356905295713604,0.9588244363630266,0.9588244363630266
13,False,1.2819759408389537,0.9313400561973091,0.9313400561973091
4,False,0.6443491556386995,0.7370040968381915,0.7370040968381915
8,False,0.2752497246612889,1.1869478665151236,1.1869478665151236
13,False,1.4660320869737316,1.1138739147773313,1.1138739147773313
4,False,0.4940355229103509,0.33816927137581415,0.33816927137581415
8,False,0.5111427232310881,0.9061520484168959,0.9061520484168959
13,False,2.6661137319878585,2.998631037938846,2.998631037938846
4,False,0.6122105494011422,0.3566886903366263,0.3566886903366263
8,False,0.48345283198868005,0.5672897567640768,0.5672897567640768
13,False,2.786019916300834,2.135967449023977,2.135967449023977
4,False,0.4747790886540976,0.09548492884348013,0.09548492884348013
8,False,1.0146961619060682,1.2097329117867515,1.2097329117867515
13,False,3.5967280238796433,3.5309689937450304,3.5309689937450304
4,False,0.2428070772057445,0.4799694953276109,0.4799694953276109
8,False,1.7445333141459525,2.217997406639967,2.217997406639967
13,False,4.36214114263203,4.791020319170324,4.791020319170324
4,False,0.18091051202957206,0.7013080260226263,0.7013080260226263
8,False,2.335677809544603,2.5458513181555333,2.5458513181555333
13,False,4.757301753327144,4.7198791512505816,4.7198791512505816
4,False,0.7713659323862907,1.315399089666619,1.315399089666619
8,False,3.116062718004344,3.329603568292267,3.329603568292267
13,False,5.204238379985451,5.108755122962927,5.108755122962927
4,False,1.213248344085427,1.358464608346687,1.358464608346687
8,False,3.5955411375469155,2.990003065766893,2.990003065766893
13,False,5.065891854155069,3.595235139681023,3.595235139681023
4,False,1.6886459170398567,1.437256719414781,1.437256719414781
8,False,3.884758684983611,2.548261535941152,2.548261535941152
13,False,4.653325293428211,2.223817741729408,2.223817741729408
4,False,2.134014286734477,0.7057855339809125,0.7057855339809125
8,False,3.195896191355917,1.780521654929427,1.780521654929427
13,False,4.093282680382796,3.7272557585694264,3.7272557585694264
4,True,0.5401853679459229,0.5401853679459229,3.994123593289453
8,True,0.7141805730623024,0.7141805730623024,7.199539042865279
13,True,1.1007006931758303,1.1007006931758303,11.620855380054016
4,True,0.3063935120507129,0.3063935120507129,1.6145689143399917
8,True,1.2216030829585947,1.2216030829585947,2.5950567533021673
13,True,1.8972161747718694,1.8972161747718694,4.6482239842542485
4,False,0.7177656366896602,0.5239715097523767,0.5239715097523767
8,False,1.9673191698717063,0.6364085169218819,0.6364085169218819
13,False,2.709295853762749,1.005697695479667,1.005697695479667
4,False,0.40545504826240125,0.7125547907143795,0.7125547907143795
8,False,1.3711929969050882,1.4192926331644766,1.4192926331644766
13,False,1.7254331385448864,3.620741303728122,3.620741303728122
4,False,1.3745998184938097,1.6928590425154222,1.6928590425154222
8,False,2.5116027928537297,2.1288312584484586,2.1288312584484586
13,False,2.6099522145568024,2.0202257138541553,2.0202257138541553
4,False,0.8028149874145223,0.6083735858510532,0.6083735858510532
8,False,1.455840795264605,1.705988388095414,1.705988388095414
13,False,1.9039462348763465,5.151130747079962,5.151130747079962
4,False,0.32516796611994236,2.372877122857248,2.372877122857248
8,False,0.48274691036879186,4.5695470034889745,4.5695470034889745
13,False,2.110640447521156,9.662162633636092,9.662162633636092
4,False,0.5007517030704366,0.5609399584286646,0.5609399584286646
8,False,1.037714862088524,0.8194111295159666,0.8194111295159666
13,False,2.0870468472458508,3.3513753804147215,3.3513753804147215
4,False,0.21418235360533355,0.5567787352867309,0.5567787352867309
8,False,0.9942528141343254,2.5417036013083543,2.5417036013083543
13,False,2.804255836389586,6.63356627381743,6.63356627381743
4,False,0.33432353661398484,0.6234391997043485,0.6234391997043485
8,False,1.365712325412098,3.0370913206741257,3.0370913206741257
13,False,3.4263845218284157,7.122828417454604,7.122828417454604
4,False,0.5722627611174611,0.5416741991901489,0.5416741991901489
8,False,1.7836086619171996,2.642902153453528,2.642902153453528
13,False,3.849795535231097,5.980175209771265,5.980175209771265
4,False,1.3179120079124074,2.7101741811578073,2.7101741811578073
8,False,3.199457792732986,6.577858333190269,6.577858333190269
13,False,5.929602053162779,11.74006500235367,11.74006500235367
4,False,1.825402462637825,2.0703965451108504,2.0703965451108504
8,False,3.599476707233747,4.717225172666079,4.717225172666079
13,False,6.197758209287743,8.342495413878838,8.342495413878838
4,False,2.292258288072999,1.7308230257537873,1.7308230257537873
8,False,3.9371940412616233,3.460390408687447,3.460390408687447
13,False,6.516010199993903,6.110945640583665,6.110945640583665
4,False,2.65990395497738,1.3305960530562118,1.3305960530562118
8,False,4.12290362005657,2.226641256043336,2.226641256043336
13,False,6.770031353307565,4.151058836077096,4.151058836077096
4,False,2.584126613108178,0.2442565797842888,0.2442565797842888
8,False,3.8561568517909826,0.18110763231560806,0.18110763231560806
13,False,6.657061399628993,1.262329395972305,1.262329395972305
4,False,2.4298793840599733,0.40759172418391676,0.40759172418391676
8,False,3.767182943858148,0.7096067248114076,0.7096067248114076
13,False,6.932606767288539,1.3155463950586466,1.3155463950586466
4,False,2.4635396557936367,0.3539479375972424,0.3539479375972424
8,False,4.026063935502321,0.3967874787055392,0.3967874787055392
13,False,7.774784317176035,2.1203601512244967,2.1203601512244967
4,False,2.4090316321860525,0.39174590066529574,0.39174590066529574
8,False,4.257826760034539,0.5463785200481087,0.5463785200481087
13,False,8.697589875325576,3.1899932921382823,3.1899932921382823
4,False,2.589545375319335,0.19452440628708792,0.19452440628708792
8,False,4.8685196440665335,1.36969028814244,1.36969028814244
13,False,10.150347000401434,5.516403474345314,5.516403474345314
4,False,3.131485343436993,0.9989909678487556,0.9989909678487556
8,False,5.982845956328818,3.1873979999466813,3.1873979999466813
13,False,12.162003448195415,8.818230623129027,8.818230623129027
4,False,3.2648316608583854,0.537363415565673,0.537363415565673
8,False,6.506413029816699,2.6779820910212484,2.6779820910212484
13,False,13.244791987914855,8.086974386677168,8.086974386677168
4,False,3.7400304681983543,0.9835667916498866,0.9835667916498866
8,False,7.561344167789516,3.8032274703799898,3.8032274703799898
13,False,14.753012670132454,9.617269168202782,9.617269168202782
4,False,4.2737970678609525,1.3154239156126548,1.3154239156126548
8,False,8.72122894560084,4.606518179466374,4.606518179466374
13,False,15.57686576257668,9.812687264522113,9.812687264522113
4,False,4.80792695604682,1.3198659413669382,1.3198659413669382
8,False,9.605417430746805,4.429484566533393,4.429484566533393
13,False,15.28567696598884,7.622704086187378,7.622704086187378
4,False,5.496827999595459,1.6900517102892194,1.6900517102892194
8,False,10.894213624077967,5.004494136297071,5.004494136297071
13,False,14.750880336311473,6.091221595090458,6.091221595090458
4,False,6.372150448286866,2.2811684507755428,2.2811684507755428
8,False,12.286500428749065,5.672265464070048,5.672265464070048
13,False,13.921018844265806,5.656400809587557,5.656400809587557
4,True,7.169523800248117,7.169523800248117,2.1098944454523942
8,True,12.778462690980438,12.778462690980438,4.318184524892909
13,True,12.080898415028066,12.080898415028066,6.146763533312805
4,False,1.3122330244020652,0.5323456554329337,0.5323456554329337
8,False,0.4858426108288658,1.2000986484419243,1.2000986484419243
13,False,0.726394097847336,2.1721465058787794,2.1721465058787794
4,False,1.1878085236911469,0.5119844768752793,0.5119844768752793
8,False,0.3911482466423964,1.0161525236144058,1.0161525236144058
13,False,0.9513521019258857,1.8368934498563976,1.8368934498563976
4,False,1.1443943774202485,0.396566060684975,0.396566060684975
8,False,0.36166932945455477,0.7071602732366505,0.7071602732366505
13,False,1.0789177929007745,1.3407091482487503,1.3407091482487503
4,False,1.1144128918694645,0.09447212572841497,0.09447212572841497
8,False,0.3339461714601704,0.19427383306508358,0.19427383306508358
13,False,1.0843010930702668,0.5884419551893153,0.5884419551893153
4,False,1.0068238638218419,0.050419403474930666,0.050419403474930666
8,False,0.37665461010911144,0.15696143647150415,0.15696143647150415
13,False,1.3359637796796018,0.6021295573099003,0.6021295573099003
4,False,0.9882964076601046,0.05751786589730379,0.05751786589730379
8,False,0.43551135488227727,0.1293020747660173,0.1293020747660173
13,False,1.4813549125678438,0.5532552061688333,0.5532552061688333
4,False,0.9779195765097435,0.07858162552035046,0.07858162552035046
8,False,0.3769610016212374,0.18742648178901825,0.18742648178901825
13,False,1.5125542138157924,0.6229186848732007,0.6229186848732007
4,False,0.8892058811648512,0.12531732761913372,0.12531732761913372
8,False,0.37546680171172886,0.4336439510351696,0.4336439510351696
13,False,1.667310840155884,0.9808780490000609,0.9808780490000609
4,False,0.7943970239331032,0.29766049512387305,0.29766049512387305
8,False,0.5262478086378708,0.800515626726199,0.800515626726199
13,False,1.885397295198883,1.3454315824738046,1.3454315824738046
4,False,0.8069456406393998,0.3664359845099031,0.3664359845099031
8,False,0.696065396207147,0.8787179576335439,0.8787179576335439
13,False,1.9277071451508518,1.1819688078816992,1.1819688078816992
4,False,0.8092173899153555,0.16092793160576274,0.16092793160576274
8,False,0.6712013181651963,0.4998083555345113,0.4998083555345113
13,False,1.6918347853352205,0.5403573604644104,0.5403573604644104
4,False,0.7139555098560519,0.09097842266773952,0.09097842266773952
8,False,0.6657359873905764,0.21222235796408395,0.21222235796408395
13,False,1.4690816026378162,0.6763710895034731,0.6763710895034731
4,False,0.5845896121797814,0.5179502874154693,0.5179502874154693
8,False,1.0290526559324158,0.7857285952671588,0.7857285952671588
13,False,1.6723378294289468,0.8304883237624044,0.8304883237624044
4,False,0.5570555869518705,0.27082435043560055,0.27082435043560055
8,False,0.9379167307281601,0.3274227764457294,0.3274227764457294
13,False,1.4109318101148265,1.343186342405667,1.343186342405667
4,False,0.611509019922958,0.11672004247388153,0.11672004247388153
8,False,0.9169378986208849,0.595265644094132,0.595265644094132
13,False,1.3095859912409293,2.093005228256089,2.093005228256089
4,False,0.7115377327414049,0.179321683475764,0.179321683475764
8,False,0.9190654572757183,1.0654555990789996,1.0654555990789996
13,False,1.2811248790273928,2.8725289253976833,2.8725289253976833
4,False,0.822797567905467,0.6486467244618882,0.6486467244618882
8,False,0.9757404848678375,2.0268331093540133,2.0268331093540133
13,False,1.3401626461474458,4.180957591000226,4.180957591000226
4,False,0.9731368286897734,0.8418835514731552,0.8418835514731552
8,False,1.1177059948753487,2.2540069604769273,2.2540069604769273
13,False,1.4037133297674558,4.251813035587607,4.251813035587607
4,False,1.194335632126075,0.9228390807239693,0.9228390807239693
8,False,1.270886437212044,2.2277310211674446,2.2277310211674446
13,False,1.4455256787285087,3.88641472807982,3.88641472807982
4,True,1.3887588490199787,1.3887588490199787,0.8355741815335087
8,True,1.403384687500918,1.403384687500918,1.9398517134422317
13,True,1.4083234824880564,1.4083234824880564,3.093313568181435
4,False,1.6113380046535695,0.8886199024324585,0.8886199024324585
8,False,1.586360916877748,1.8205241241358319,1.8205241241358319
13,False,1.3884512996990586,2.5154446741482857,2.5154446741482857
4,True,1.553867923962299,1.553867923962299,0.3924816960513316
8,True,1.4198359252310162,1.4198359252310162,0.8213492446294255
13,True,0.9613920187478315,0.9613920187478315,0.7755733577087157
4,False,1.5992450719859637,0.24884775711650087,0.24884775711650087
8,False,1.3803934692960038,0.411529564403181,0.411529564403181
13,False,0.6842206909581188,0.6548886183889642,0.6548886183889642
4,False,1.7695008965789425,0.42207164232988614,0.42207164232988614
8,False,1.4002842407565883,0.42136447693926027,0.42136447693926027
13,False,0.5601796971723522,0.8315270907683192,0.8315270907683192
4,False,1.6858211023054372,0.11838482089180848,0.11838482089180848
8,False,1.0742328785010418,0.4848990351744589,0.4848990351744589
13,False,0.2833643695470528,1.5633312933900472,1.5633312933900472
4,False,1.5906255204130297,0.1353010563874264,0.1353010563874264
8,False,0.8071241652924754,0.8829940429498919,0.8829940429498919
13,False,0.44896853606498044,2.0273802010828605,2.0273802010828605
4,False,1.4505923002551107,0.33524503036083547,0.33524503036083547
8,False,0.47120877637408626,1.325133193235092,1.325133193235092
13,False,0.7325844701158046,2.2390158812222656,2.2390158812222656
4,False,1.1318381619040443,0.7222224038550559,0.7222224038550559
8,False,0.12434042869732777,1.9623629470888908,1.9623629470888908
13,False,1.0448880068474447,2.5806011766183063,2.5806011766183063
4,False,0.8622176811171534,1.1167494389748118,1.1167494389748118
8,False,0.5057334715032252,2.3919402070742564,2.3919402070742564
13,False,1.285199844714328,2.5517852969834496,2.5517852969834496
4,False,3.03923050027151,0.6789421258142356,0.6789421258142356
8,False,4.025724088154976,1.5835186807019472,1.5835186807019472
13,False,3.442039592197599,5.257436163460394,5.257436163460394
4,True,0.8996778908443489,0.8996778908443489,3.8188291725577432
8,True,1.2655182319322427,1.2655182319322427,7.990250267595414
13,True,2.2185499397974353,2.2185499397974353,15.246674075796102
4,True,0.9699851755884651,0.9699851755884651,1.4136593568264004
8,True,1.2655995084508498,1.2655995084508498,3.80514679947102
13,True,1.9872804917354163,1.9872804917354163,8.577943090439186
4,False,1.2585719316447044,0.24766269344104397,0.24766269344104397
8,False,1.2806623917896023,2.234691291506493,2.234691291506493
13,False,2.081418399488465,6.018289014770757,6.018289014770757
4,False,0.5681973947844967,1.7292113851400979,1.7292113851400979
8,False,1.220258834723592,4.826367264957165,4.826367264957165
13,False,2.92073762717212,9.896880066988627,9.896880066988627
4,False,0.6969457843504939,0.7957782116782189,0.7957782116782189
8,False,1.2359522019179745,2.634035369739406,2.634035369739406
13,False,2.771273562683111,6.0591250896547,6.0591250896547
4,False,0.9976948713568137,2.0360837640367278,2.0360837640367278
8,False,2.0402969129810127,4.903974853236182,4.903974853236182
13,False,3.9039414915586073,9.163122261720401,9.163122261720401
4,False,2.1156044634059024,3.739457466025478,3.739457466025478
8,False,3.3848272711904883,6.924502358398977,6.924502358398977
13,False,5.122371487688761,11.160904072824195,11.160904072824195
4,True,0.9187222494113337,0.9187222494113337,0.7065894629912026
8,True,1.7752687025235747,1.7752687025235747,0.6901678720111096
13,True,2.19540199678133,2.19540199678133,1.3225186189062095
4,False,1.327911247931287,0.5723124391467547,0.5723124391467547
8,False,2.5982301024112546,1.8433608061166809,1.8433608061166809
13,False,2.719891039087209,1.7820670507246592,1.7820670507246592
4,False,1.471653366961605,0.5674839496511864,0.5674839496511864
8,False,2.748416106377151,1.6774034817477654,1.6774034817477654
13,False,2.375482322891113,1.4878446173275846,1.4878446173275846
4,False,1.0881904956113544,0.7975746076811646,0.7975746076811646
8,False,1.931151097154194,0.9185416724607444,0.9185416724607444
13,False,1.1494179438349652,3.264889929354156,3.264889929354156
4,False,2.366031905614812,2.316365849178777,2.316365849178777
8,False,2.9280800148306323,3.175664633172591,3.175664633172591
13,False,2.3749155287798738,2.7743934492222797,2.7743934492222797
4,False,2.3312525536288944,0.9270905004780025,0.9270905004780025
8,False,1.7718217535044496,1.584717591220439,1.584717591220439
13,False,1.21823280912642,3.1334257686719624,3.1334257686719624
4,False,2.069277988951854,0.47648857135136785,0.47648857135136785
8,False,1.2479407568981404,2.897761641412186,2.897761641412186
13,False,1.2192539129951951,5.0791066607631175,5.0791066607631175
4,False,1.3155503536578508,1.281026899442927,1.281026899442927
8,False,1.333156159256965,4.560332258517071,4.560332258517071
13,False,1.4664189144877782,6.7923861761190665,6.7923861761190665
4,False,0.6692153731216702,3.6343989666509846,3.6343989666509846
8,False,2.1742403568140922,7.360698277678285,7.360698277678285
13,False,2.293131780812955,9.731985674216132,9.731985674216132
4,False,1.4270789990388597,3.434669051377412,3.434669051377412
8,False,2.3334249311332917,5.31402757442843,5.31402757442843
13,False,2.5383009607521196,5.122724504536337,5.122724504536337
4,False,1.5150666469574225,1.7975752777767355,1.7975752777767355
8,False,1.5790150660494404,1.4539669168884777,1.4539669168884777
13,False,3.2192455441984187,4.046232009361169,4.046232009361169
4,False,0.897066113895178,0.6410254164979248,0.6410254164979248
8,False,1.4501076623059017,2.998808949945677,2.998808949945677
13,False,4.85210222399909,9.530530322168241,9.530530322168241
4,False,0.7816348390854757,2.59764780998726,2.59764780998726
8,False,2.4495347056337935,6.972256040635504,6.972256040635504
13,False,7.571976750216774,16.39940455088153,16.39940455088153
4,False,1.2635277564284821,2.6061695194321293,2.6061695194321293
8,False,3.5284455195430735,6.868497100493818,6.868497100493818
13,False,9.492579998131939,16.136393257774685,16.136393257774685
4,False,1.6106634512132616,1.694175568997281,1.694175568997281
8,False,4.253597291649306,5.301640967274211,5.301640967274211
13,False,10.764732697987968,13.444973717002066,13.444973717002066
4,False,1.7462470897313915,0.8457818849475086,0.8457818849475086
8,False,4.864714600619358,4.059170845291134,4.059170845291134
13,False,11.74998511115661,11.062332702645701,11.062332702645701
4,False,2.6725092643881565,2.0733238681787953,2.0733238681787953
8,False,6.695993145681905,6.497609133528183,6.497609133528183
13,False,13.821014944126087,14.111449364585527,14.111449364585527
4,False,3.403630199341662,2.0852380494952896,2.0852380494952896
8,False,7.961813519949336,6.2540577297137565,6.2540577297137565
13,False,14.363368311767816,11.929622897039382,11.929622897039382
4,False,4.000511423971171,1.8936684375571187,1.8936684375571187
8,False,9.229731377773573,5.800919592871459,5.800919592871459
13,False,14.31707905686736,8.88968565487577,8.88968565487577
4,False,4.86319973177995,2.37788397278763,2.37788397278763
8,False,10.747304971362734,6.339421249470001,6.339421249470001
13,False,14.361059089941516,7.290400589537177,7.290400589537177
4,False,5.831463723765126,2.253950204333404,2.253950204333404
8,False,11.614757046544677,5.127149207771231,5.127149207771231
13,False,13.565364693620566,4.33273964337689,4.33273964337689
4,False,1.3991722042490755,1.3317500641479023,1.3317500641479023
8,False,1.3632737625322155,3.640491957651749,3.640491957651749
13,False,1.1485374830727635,6.772273128368059,6.772273128368059
4,False,2.1882531604796878,4.918114529740121,4.918114529740121
8,False,2.266173715547645,9.242100899659631,9.242100899659631
13,False,2.000172453166802,14.228267268715927,14.228267268715927
4,True,2.1925093468783867,2.1925093468783867,2.3827233382929225
8,True,1.661892918100833,1.661892918100833,4.122019066078046
13,True,0.723703197696833,0.723703197696833,5.885967315655371
4,False,0.8428577521828238,1.7952062345752724,1.7952062345752724
8,False,0.4880548508405452,2.37503437081405,2.37503437081405
13,False,1.7868426352094773,3.6953221336727764,3.6953221336727764
4,False,1.5297766622630815,1.003760840425292,1.003760840425292
8,False,0.7485413731431112,1.8932337946604614,1.8932337946604614
13,False,0.7888741981576097,2.8828360379806908,2.8828360379806908
4,False,1.3136854269970428,0.6001525737098375,0.6001525737098375
8,False,0.6354062013608528,1.2066915127428735,1.2066915127428735
13,False,1.593611865397599,1.434227492188352,1.434227492188352
4,False,1.5892554803349779,1.3031821366250005,1.3031821366250005
8,False,0.4711908964094199,1.3936860722173674,1.3936860722173674
13,False,0.9359210679050156,2.45882968337157,2.45882968337157
4,False,2.267097228736896,3.168860465408689,3.168860465408689
8,False,0.8627844312619704,3.9067960996607676,3.9067960996607676
13,False,0.9654463188856035,5.910014574601818,5.910014574601818
4,True,0.6590310378910511,0.6590310378910511,3.9750078703618614
8,True,2.4598143446376937,2.4598143446376937,6.890860385859724
13,True,3.976849330783864,3.976849330783864,10.11220318775042
4,False,0.6093365070786793,1.5716389466506344,1.5716389466506344
8,False,1.5579450383900597,1.5826176788610604,1.5826176788610604
13,False,2.5058424992050368,2.1948913868440347,2.1948913868440347
4,False,0.6595420086042891,0.4685305167015812,0.4685305167015812
8,False,1.2828491065457281,2.0739229656535807,2.0739229656535807
13,False,1.0941506388976685,2.7644794300066424,2.7644794300066424
4,False,1.0911677983849368,1.3818334504043632,1.3818334504043632
8,False,1.1295510120298298,0.8491086933360795,0.8491086933360795
13,False,1.978621940412006,1.518604776644358,1.518604776644358
4,False,1.9528645886025562,3.954568475772752,3.954568475772752
8,False,2.0148311577919387,6.937648526050733,6.937648526050733
13,False,1.3816884863589092,9.549811638443893,9.549811638443893
4,False,2.1115875378737914,1.8186281586344115,1.8186281586344115
8,False,1.0513848831058579,1.8024770289782512,1.8024770289782512
13,False,0.8774943365092402,2.008247181604128,2.008247181604128
4,False,1.9535142880862923,0.5806769529424216,0.5806769529424216
8,False,0.7040665077044579,1.5923674363038893,1.5923674363038893
13,False,1.166910622930502,2.0021653125990175,2.0021653125990175
4,False,1.8119215891053582,0.6617301586578611,0.6617301586578611
8,False,0.8784410424480806,2.260447997114417,2.260447997114417
13,False,1.4989958291242906,2.3770657214509683,2.3770657214509683
4,False,0.13886383380597003,3.273760873641503,3.273760873641503
8,False,2.126440783308848,6.367552260159867,6.367552260159867
13,False,2.7183044428295897,7.6502153435628,7.6502153435628
4,False,0.8723125682095465,2.844748744404767,2.844748744404767
8,False,2.149221055092266,4.038195797159214,4.038195797159214
13,False,2.9662957047561846,3.6812918954254488,3.6812918954254488
4,False,0.9080862244553848,1.4031638821525638,1.4031638821525638
8,False,1.6046510921641721,1.2841832482303566,1.2841832482303566
13,False,3.626716729468435,5.291044224377965,5.291044224377965
4,False,1.0759217968056065,0.6727144221059146,0.6727144221059146
8,False,1.6372536921223333,2.7695703514429626,2.7695703514429626
13,False,5.094403905419289,9.880964056109152,9.880964056109152
4,False,1.2955852979028428,2.8460009911867203,2.8460009911867203
8,False,2.5491053961091428,7.489570249910236,7.489570249910236
13,False,7.98207658681149,18.414555756009516,18.414555756009516
4,False,1.9905182234333685,3.0382822039756143,3.0382822039756143
8,False,3.762129762196446,7.709991054628684,7.709991054628684
13,False,10.255707489423518,18.75620726520054,18.75620726520054
4,False,2.0913259766828625,1.49940176184359,1.49940176184359
8,False,4.318980439033239,5.297641013402906,5.297641013402906
13,False,11.362124941277935,14.628983816295186,14.628983816295186
4,False,2.150011934263928,0.891776691467968,0.891776691467968
8,False,5.287389141578577,4.968204791605461,4.968204791605461
13,False,12.823031355250627,13.576120451147688,13.576120451147688
4,False,2.9483444896075612,2.026847000256797,2.026847000256797
8,False,7.335899498499754,7.542888369632794,7.542888369632794
13,False,15.104379634334325,16.57545563799952,16.57545563799952
4,False,3.791522844102219,2.2360820582802843,2.2360820582802843
8,False,9.000006308456584,7.734617668739904,7.734617668739904
13,False,16.137486535064514,14.86861066570021,14.86861066570021
4,False,4.927450131398172,2.656876850972086,2.656876850972086
8,False,10.940431782096416,8.074382649503043,8.074382649503043
13,False,16.95539559756605,12.904179947147684,12.904179947147684
4,False,6.9483438245701885,4.515112170449871,4.515112170449871
8,False,13.62060740761995,10.31588196218085,10.31588196218085
13,False,18.458935831351255,13.716948140882126,13.716948140882126
4,True,7.96058032140246,7.96058032140246,3.1343511378840865
8,True,14.0385830182635,14.0385830182635,6.089263649107622
13,True,17.02584557830231,17.02584557830231,4.831114113129837
4,True,0.4027478543529542,0.4027478543529542,1.5799035695012829
8,True,1.4234204686429404,1.4234204686429404,4.284553082626955
13,True,4.4692265268519655,4.4692265268519655,8.928208758511094
4,False,0.269852126910397,1.7962284971254892,1.7962284971254892
8,False,2.1979853228286528,4.297934178214832,4.297934178214832
13,False,5.464075104276663,8.596488441823572,8.596488441823572
4,True,0.3141352024658542,0.3141352024658542,1.4842393337236308
8,True,1.7547030203320404,1.7547030203320404,3.434372522787821
13,True,4.9806123673801626,4.9806123673801626,6.869966902473526
4,False,0.6899845896121425,0.49839279000057585,0.49839279000057585
8,False,2.7428458320798534,1.7131232855527823,1.7131232855527823
13,False,5.931685454143592,3.823113426624087,3.823113426624087
4,False,0.9734550794137878,0.6364062247407578,0.6364062247407578
8,False,3.2211941518886262,1.9453026899314152,1.9453026899314152
13,False,6.44185907364268,3.835605226142159,3.835605226142159
4,False,1.1186565302757034,0.4449758161796318,0.4449758161796318
8,False,3.509934380355058,1.5773184826347115,1.5773184826347115
13,False,6.5231475903085885,2.7275194575332624,2.7275194575332624
4,False,1.3860978125847567,0.5699553671013714,0.5699553671013714
8,False,3.964588327687213,1.7133720506656236,1.7133720506656236
13,False,6.606924706598419,2.2037734921952095,2.2037734921952095
4,False,1.9071587664506122,1.1225919283032595,1.1225919283032595
8,False,4.573592460230352,2.317421838041814,2.317421838041814
13,False,6.675913009160765,2.4357635217109146,2.4357635217109146
4,False,1.9045563339684564,0.37688024840254136,0.37688024840254136
8,False,4.464224041163504,0.7159145419443013,0.7159145419443013
13,False,5.6057290713536005,2.148875096299926,2.148875096299926
4,False,2.1177718279089897,0.3819510065561673,0.3819510065561673
8,False,4.525222727209697,0.5257696470091944,0.5257696470091944
13,False,4.7984954558783866,3.2476511346431107,3.2476511346431107
4,False,2.3674573234289458,0.3746388142059992,0.3746388142059992
8,False,4.3619230903821995,0.7789214830123002,0.7789214830123002
13,False,3.9050972602420733,4.6791298883619685,4.6791298883619685
4,False,2.0743000944562406,0.7524840415870491,0.7524840415870491
8,False,3.3148698919089705,2.8507385085830768,2.8507385085830768
13,False,3.045431450421959,8.455336288931202,8.455336288931202
4,False,2.491236219507404,0.25001394681520134,0.25001394681520134
8,False,3.017484162033485,2.233519660414726,2.233519660414726
13,False,2.9756528076822124,7.386455447004292,7.386455447004292
4,False,2.0278794739584876,0.9545184487225777,0.9545184487225777
8,False,1.9933163163202774,4.662624642756772,4.662624642756772
13,False,3.1262108817933933,10.826729378079786,10.826729378079786
4,False,1.2448046840062836,1.9276948360606172,1.9276948360606172
8,False,1.888057342049755,6.45622793905721,6.45622793905721
13,False,3.609804972059958,12.693559208324096,12.693559208324096
4,False,0.8398865331743348,2.1991942028683686,2.1991942028683686
8,False,2.218873216804066,6.679076835240217,6.679076835240217
13,False,3.9970312882355294,12.007237515121318,12.007237515121318
4,False,1.0616975816253527,3.4024462442324497,3.4024462442324497
8,False,3.1411615589173922,7.928859691937309,7.928859691937309
13,False,4.761401704265881,12.532517801309462,12.532517801309462
4,True,1.6609556221230863,1.6609556221230863,2.6578359874029656
8,True,3.520659390633828,3.520659390633828,5.794035088509952
13,True,4.3696429960416,4.3696429960416,7.995966784110068
4,False,2.347485845409811,2.318619166791414,2.318619166791414
8,False,3.789414182006745,4.319071653419911,4.319071653419911
13,False,3.82857971924606,4.452306484960086,4.452306484960086
4,False,2.5116060151711235,1.3499991715080883,1.3499991715080883
8,False,3.380466687879152,1.9111550414358969,1.9111550414358969
13,False,2.6819740739704816,2.8808469741158955,2.8808469741158955
4,False,2.3232702161264385,0.4735016533451544,0.4735016533451544
8,False,2.572983342140555,0.8216909578288094,0.8216909578288094
13,False,2.3117395253050366,5.088246742024278,5.088246742024278
4,False,1.823414096349807,0.33510478411407985,0.33510478411407985
8,False,1.4162311259946543,2.284772345334506,2.284772345334506
13,False,2.7392154645865325,8.459861089518748,8.459861089518748
4,False,1.3487344345705847,0.6117878872445972,0.6117878872445972
8,False,0.9612915894145174,3.425482412439211,3.425482412439211
13,False,3.479483460682517,10.320553176031703,10.320553176031703
4,False,0.882003159882273,0.9707278907512527,0.9707278907512527
8,False,1.187457652507376,4.704068867576158,4.704068867576158
13,False,4.305837111919135,11.734527705146483,11.734527705146483
4,False,0.2110072619955018,1.7954833449827543,1.7954833449827543
8,False,2.095495522304546,6.543670737836452,6.543670737836452
13,False,5.112875206275029,13.177705054720427,13.177705054720427
4,False,0.3571109392518761,2.135128729203481,2.135128729203481
8,False,3.105804721062766,7.069722417613283,7.069722417613283
13,False,5.150880425102014,11.798529323444102,11.798529323444102
4,False,1.0239651350012005,2.7318948849193414,2.7318948849193414
8,False,4.139066771841068,7.649784170424105,7.649784170424105
13,False,4.83124967949035,10.05980843012337,10.05980843012337
4,False,1.785765606329403,3.217280967204842,3.217280967204842
8,False,4.908264448184382,7.403220408691964,7.403220408691964
13,False,4.614637145418657,7.118230322448617,7.118230322448617
4,False,2.439970620428757,2.9668989896463325,2.9668989896463325
8,False,4.898804976953068,5.300486183157025,5.300486183157025
13,False,4.462846147926641,4.936727650347527,4.936727650347527
4,False,3.0239659886324413,0.7340164945866234,0.7340164945866234
8,False,2.82798763589737,1.7953704229537693,1.7953704229537693
13,False,2.0419664672112448,4.401232300617075,4.401232300617075
4,True,0.8314385853710088,0.8314385853710088,3.650121607917721
8,True,0.49842024220028747,0.49842024220028747,7.758707293313119
13,True,1.8561284304346166,1.8561284304346166,13.627913497063753
4,True,0.5318212612562081,0.5318212612562081,1.9545245963845432
8,True,0.247122683204834,0.247122683204834,4.133395620454832
13,True,1.390300873891635,1.390300873891635,7.671593840576577
4,False,0.43449117073392285,1.0646832387747347,1.0646832387747347
8,False,0.25251005080292194,2.3282910348336037,2.3282910348336037
13,False,1.358249311121377,4.752757459199957,4.752757459199957
4,False,0.3858710772003297,1.9747558844666846,1.9747558844666846
8,False,0.9667126277736838,3.615294269479103,3.615294269479103
13,False,2.5196784908427308,6.646051873412041,6.646051873412041
4,True,0.8836304318249255,0.8836304318249255,1.5891972444234201
8,True,0.5051821999452669,0.5051821999452669,2.152101354162049
13,True,1.0642377326148518,1.0642377326148518,1.9440317609185895
4,False,0.41817702948473734,0.3116329209383154,0.3116329209383154
8,False,0.542256805676553,1.2341114286903503,1.2341114286903503
13,False,2.285603241292216,3.445394034298415,3.445394034298415
4,False,0.23652761455594157,1.2162610941341263,1.2162610941341263
8,False,1.3158218373831971,2.77776263819287,2.77776263819287
13,False,3.4225140650994588,5.725898954377411,5.725898954377411
4,False,0.4063818472926372,0.6445358895163865,0.6445358895163865
8,False,1.5537940066691003,1.7809392810568845,1.7809392810568845
13,False,3.5479992259862043,3.874931697414388,3.874931697414388
4,False,0.44952204024290626,0.3190052027325324,0.3190052027325324
8,False,1.785506773049977,1.4024615830434766,1.4024615830434766
13,False,3.618664522531366,2.9137147853271315,2.9137147853271315
4,False,0.5476980549086882,0.4361939257734369,0.4361939257734369
8,False,2.108980917139946,1.7074459182234238,1.7074459182234238
13,False,3.7819123641723276,2.9417723398349716,2.9417723398349716
4,False,0.5441397931785371,0.3215434727997585,0.3215434727997585
8,False,2.24087233332576,1.3948218736632678,1.3948218736632678
13,False,3.6299898331440823,1.9517681290321793,1.9517681290321793
4,False,1.0683185152379575,1.0420385041658167,1.0420385041658167
8,False,2.8856302466706873,2.445005700179105,2.445005700179105
13,False,4.116091873755974,3.0980225056864543,3.0980225056864543
4,False,1.5355453692140404,1.2076059941436887,1.2076059941436887
8,False,3.101148720797405,2.0378976198389602,2.0378976198389602
13,False,4.073620114418611,2.0837708805336943,2.0837708805336943
4,False,1.6826266211702887,0.6528143153058898,0.6528143153058898
8,False,2.8377535614841403,0.6079198584397313,0.6079198584397313
13,False,3.492021509133937,1.1363236375678087,1.1363236375678087
4,False,1.7585356045710372,0.29005478674861485,0.29005478674861485
8,False,2.499245283671212,0.8723619699922287,0.8723619699922287
13,False,3.0008161915709097,2.1919671657781707,2.1919671657781707
4,False,1.5851645712364866,0.4023468244367834,0.4023468244367834
8,False,1.932387438189113,1.8624547004659826,1.8624547004659826
13,False,2.4381140102233063,3.5511266476032,3.5511266476032
4,False,0.8717528575302244,1.505435914353967,1.505435914353967
8,False,0.9849919864319591,3.522945678821971,3.522945678821971
13,False,1.5678981761742656,5.495040411762778,5.495040411762778
4,True,0.7080650903331999,0.7080650903331999,0.877551501070439
8,True,0.9164026120276638,0.9164026120276638,2.0862416550562695
13,True,2.0086000491069194,2.0086000491069194,2.576517523809086
4,False,0.25136049416871814,1.18845135302904,1.18845135302904
8,False,0.5323902139975045,2.169143620121048,2.169143620121048
13,False,2.0833795903763273,2.0346251025827584,2.0346251025827584
4,False,0.07099238763896615,0.8850247415803724,0.8850247415803724
8,False,0.5812542419254941,1.1458499637143866,1.1458499637143866
13,False,2.7893142931320987,1.7751471411864057,1.7751471411864057
4,True,0.4927977660721499,0.4927977660721499,0.5979712732896115
8,True,1.5328784563151576,1.5328784563151576,1.7170861238605135
13,True,4.559370371699101,4.559370371699101,5.2943748342992425
4,False,0.2921083244949476,0.19403744074613574,0.19403744074613574
8,False,1.5576544069511964,0.9285514688969984,0.9285514688969984
13,False,4.961050954807079,4.184125617975176,4.184125617975176
4,False,0.5496955586704512,0.4004024455185157,0.4004024455185157
8,False,2.3341530780243853,2.2134693302367876,2.2134693302367876
13,False,6.247961345863866,6.478930432948585,6.478930432948585
4,False,0.8655452047414289,0.7428656836613459,0.7428656836613459
8,False,3.1765228830654766,3.1521621521637386,3.1521621521637386
13,False,7.1398661627127264,7.486598538042566,7.486598538042566
4,False,1.3188546774775447,1.045742939318391,1.045742939318391
8,False,4.019660745000503,3.7092088428195282,3.7092088428195282
13,False,7.568946871404273,7.3357485001189815,7.3357485001189815
4,False,1.7829457524733292,1.3244685327754198,1.3244685327754198
8,False,4.961198685501747,4.240108858406591,4.240108858406591
13,False,7.671308168449066,6.6211907842027005,6.6211907842027005
4,False,2.51991634067181,2.0051891760395697,2.0051891760395697
8,False,6.10346228058458,5.173616824108072,5.173616824108072
13,False,7.740235604825699,6.208732743484612,6.208732743484612
4,False,3.1025180548782414,1.8991181361880674,1.8991181361880674
8,False,6.620027600448974,4.328496668130927,4.328496668130927
13,False,6.974232791028598,3.6257432203368745,3.6257432203368745
4,False,4.552355843015887,2.711719450156043,2.711719450156043
8,False,2.448531132936999,8.869348602693194,8.869348602693194
13,False,4.015146690203411,19.692849981908324,19.692849981908324
4,False,1.6995660982615017,6.0784619972751255,6.0784619972751255
8,False,1.5440068381036696,13.789270035639031,13.789270035639031
13,False,6.331975378000422,26.12741035228852,26.12741035228852
4,True,0.963818707319255,0.963818707319255,3.9108490189701026
8,True,1.9258947092564802,1.9258947092564802,9.33172000049794
13,True,6.262474388923554,6.262474388923554,17.754063577273943
4,False,1.0346418941164148,1.8317761629130724,1.8317761629130724
8,False,2.120132032018512,5.808527940350462,5.808527940350462
13,False,5.893057730446706,11.24035618331086,11.24035618331086
4,False,0.8592264259419736,1.6428859413977177,1.6428859413977177
8,False,2.631866413558813,5.060517134363537,5.060517134363537
13,False,6.195213619606289,9.362815797258571,9.362815797258571
4,False,0.6107990401972963,1.0965261356983347,1.0965261356983347
8,False,2.4856982539444634,2.959614862241438,2.959614862241438
13,False,5.47310692864551,5.08749343352821,5.08749343352821
4,False,0.85784479744261,3.037065007324446,3.037065007324446
8,False,4.003120659420305,6.087999135698655,6.087999135698655
13,False,6.886171474353488,9.10658394785043,9.10658394785043
4,False,2.3745178258192676,4.414970163440973,4.414970163440973
8,False,5.148552861283459,6.9001901946939075,6.9001901946939075
13,False,7.309892693474751,8.766226330848404,8.766226330848404
4,True,1.1187717397653407,1.1187717397653407,1.522784954318809
8,True,2.4510828498128174,2.4510828498128174,3.3861967576411764
13,True,3.278486464779483,3.278486464779483,7.862368325466762
4,False,0.8881064400812324,0.904099700266668,0.904099700266668
8,False,2.313527404322498,1.9552724889319792,1.9552724889319792
13,False,2.9043578388054483,6.011902548997556,6.011902548997556
4,False,0.6554195797739996,1.0783909415440462,1.0783909415440462
8,False,1.7440169458880779,2.27640026047945,2.27640026047945
13,False,2.3963888397459905,6.475232250099235,6.475232250099235
4,False,0.5974448856304614,1.7273072289787306,1.7273072289787306
8,False,1.3611015324437072,3.6267622493430345,3.6267622493430345
13,False,1.9330256723223396,7.959091450351082,7.959091450351082
4,False,1.1920183324900862,2.869536636053941,2.869536636053941
8,False,2.4920621718524694,2.6866669555499154,2.6866669555499154
13,False,2.6583126733943856,2.5180698919110527,2.5180698919110527
4,False,0.9841681090622122,0.44553349496997285,0.44553349496997285
8,False,2.373422287456294,4.176903704421126,4.176903704421126
13,False,1.8014567195915407,6.797868040475348,6.797868040475348
4,False,1.3370049745641255,1.4777257386585554,1.4777257386585554
8,False,2.6727060960875755,5.8504943448264175,5.8504943448264175
13,False,1.9927461365262875,7.539342402225533,7.539342402225533
4,False,2.005873708194841,2.3307458636617997,2.3307458636617997
8,False,2.8036336087841818,5.960026601947357,5.960026601947357
13,False,2.6660872467585843,5.716915216248189,5.716915216248189
4,False,3.7237665632665466,5.962962619770408,5.962962619770408
8,False,3.918290405928171,9.627979450259815,9.627979450259815
13,False,3.763492645840869,9.079916547872065,9.079916547872065
4,False,3.7132464006840693,2.738276586905801,2.738276586905801
8,False,1.9758009611605911,2.5247225516721006,2.5247225516721006
13,False,6.64628248082174,9.513573228458592,9.513573228458592
4,False,3.282216353478902,0.9934670712793541,0.9934670712793541
8,False,1.9803078532134164,4.690173859448702,4.690173859448702
13,False,10.625037700192388,18.47938015970394,18.47938015970394
4,False,1.9976161465953874,2.109325739753257,2.109325739753257
8,False,3.6589815865303805,9.291741101741332,9.291741101741332
13,False,15.912217728130415,28.850596864191047,28.850596864191047
4,False,1.2206373530355814,7.056923917775679,7.056923917775679
8,False,7.785480675389146,18.473455512174315,18.473455512174315
13,False,24.287350563758547,46.31446807983623,46.31446807983623
4,False,2.520888499944313,5.7997286617940915,5.7997286617940915
8,False,9.949415813584416,15.756047314420861,15.756047314420861
13,False,28.0874598828315,40.52726375151847,40.52726375151847
4,False,2.8357266566036583,3.3081330201782237,3.3081330201782237
8,False,11.195128846516456,11.34508371813262,11.34508371813262
13,False,30.364325441277863,30.904059029682507,30.904059029682507
4,False,3.0455157816920515,1.9053858885849233,1.9053858885849233
8,False,12.785525975530454,9.439209579241,9.439209579241
13,False,32.46731319311808,24.930240749182634,24.930240749182634
4,False,4.29362904408702,3.0835145109303936,3.0835145109303936
8,False,16.08232926166261,12.134406243584701,12.134406243584701
13,False,35.03812748596087,25.82119847288774,25.82119847288774
4,False,6.335108536299811,4.578001443596327,4.578001443596327
8,False,19.762375634237316,14.057483267928916,14.057483267928916
13,False,35.70187605226943,22.854909409815242,22.854909409815242
4,False,8.276119389055747,5.0062516358133236,5.0062516358133236
8,False,23.1182459434874,13.277366846243014,13.277366846243014
13,False,33.64688598925187,14.988979787188454,14.988979787188454
4,False,10.133677558124848,5.101123536454194,5.101123536454194
8,False,25.80039922431756,10.984781543029248,10.984781543029248
13,False,29.824688802863342,13.452185446982773,13.452185446982773
4,False,11.37139319796439,2.797954208061868,2.797954208061868
8,False,25.569043199043456,3.9270826944913892,3.9270826944913892
13,False,23.041647053253566,19.097179880621685,19.097179880621685
4,False,8.319451894608996,1.552015805496262,1.552015805496262
8,False,10.543026169745367,5.059190295814545,5.059190295814545
13,False,11.157353736448702,11.902909203960135,11.902909203960135
4,False,5.1875645071143905,5.889572913749168,5.889572913749168
8,False,6.770195516446114,11.7100088334344,11.7100088334344
13,False,6.417228590060629,21.389698278396406,21.389698278396406
4,False,4.617753479771449,3.4344018125324434,3.4344018125324434
8,False,6.235002685397905,7.156460029610448,7.156460029610448
13,False,5.895917231418097,14.454145357629026,14.454145357629026
4,False,5.030221103599945,0.7326124514085739,0.7326124514085739
8,False,6.161310869193014,3.3693616043542916,3.3693616043542916
13,False,5.686411826305149,8.974796760007761,8.974796760007761
4,False,4.499592338978506,1.1339578807962234,1.1339578807962234
8,False,5.11395943398294,4.176224730034482,4.176224730034482
13,False,3.9748951827210695,10.502524651130598,10.502524651130598
4,False,4.8509270794507735,0.8879930874365218,0.8879930874365218
8,False,5.131467522514674,2.5044556840412624,2.5044556840412624
13,False,3.7237792195612096,7.614258747218913,7.614258747218913
4,False,3.0878480045102465,2.9070197848319013,2.9070197848319013
8,False,2.5176392568668318,7.27677838914331,7.27677838914331
13,False,2.143015113644192,15.087248723152655,15.087248723152655
4,False,0.8932689517672155,5.470149693581754,5.470149693581754
8,False,0.5180163440590769,10.639090828564935,10.639090828564935
13,False,2.513063674334848,18.962713089174933,18.962713089174933
4,True,2.2196118824316,2.2196118824316,0.5722564574214892
8,True,1.4836595209546537,1.4836595209546537,1.5081710797346042
13,True,1.2225745770414993,1.2225745770414993,3.5293952739810126
4,False,1.580795539989321,0.891779050223434,0.891779050223434
8,False,0.8433268734610755,3.9876005962238334,3.9876005962238334
13,False,1.1735044351355572,7.0147741918866995,7.0147741918866995
4,False,1.0264479410157608,1.5996501540275605,1.5996501540275605
8,False,1.2113230887139825,5.0363958032153695,5.0363958032153695
13,False,1.6395763970380042,7.77100535692697,7.77100535692697
4,False,1.1722332358652872,0.8815762558082942,0.8815762558082942
8,False,0.8698149108980724,2.338308915172231,2.338308915172231
13,False,1.1368941005240414,3.049080933471673,3.049080933471673
4,False,1.2670045811217814,4.848985836961471,4.848985836961471
8,False,2.670874031366286,8.316750362197,8.316750362197
13,False,3.747960368953563,12.504194700117349,12.504194700117349
4,False,1.1990132497108932,2.075269518575367,2.075269518575367
8,False,1.8308966095430808,1.8176718238552931,1.8176718238552931
13,False,2.2529498919791933,3.1381299104374087,3.1381299104374087
4,False,0.8642776637824279,0.4712733473769559,0.4712733473769559
8,False,1.8009606473018733,2.207611989491039,2.207611989491039
13,False,2.1768318236166952,2.533845417001944,2.533845417001944
4,False,1.031665305860305,1.001366209674768,1.001366209674768
8,False,1.960224158745978,3.3715089151231954,3.3715089151231954
13,False,2.7532981282267333,3.4061862614871057,3.4061862614871057
4,False,1.9977999571444818,3.8958094504743785,3.8958094504743785
8,False,2.7570727980212135,6.852128040903594,6.852128040903594
13,False,3.536131715472606,6.077977875257343,6.077977875257343
4,False,2.5899003466019948,2.774461578398774,2.774461578398774
8,False,1.9469152194180654,2.7060749343473556,2.7060749343473556
13,False,5.6551088055023175,6.678396640548943,6.678396640548943
4,False,2.6988611779230385,1.5152979014808212,1.5152979014808212
8,False,1.9179859618254171,3.054235779403816,3.054235779403816
13,False,8.752016161607235,13.022253601257175,13.022253601257175
4,False,1.9486430740985592,1.2943030048587656,1.2943030048587656
8,False,3.0900907036886256,6.8757273512936425,6.8757273512936425
13,False,13.165650351152308,22.051082956120965,22.051082956120965
4,False,0.850552106890266,5.290650447365825,5.290650447365825
8,False,6.439422301238359,15.15255099839112,15.15255099839112
13,False,20.277311261680484,37.444749397023394,37.444749397023394
4,False,2.281309025067097,5.177594770779288,5.177594770779288
8,False,8.941905654208353,14.438523415151563,14.438523415151563
13,False,24.243609057594963,35.254044619407615,35.254044619407615
4,False,3.064648878208794,3.49793266312596,3.49793266312596
8,False,10.52172850579015,11.070781838960013,11.070781838960013
13,False,26.442588707371623,27.631227779237538,27.631227779237538
4,False,4.33327210483656,3.6520393246696736,3.6520393246696736
8,False,12.972212578098052,11.236567693504586,11.236567693504586
13,False,29.310171574552722,25.593220466006724,25.593220466006724
4,False,5.1932191116733755,2.7236391934324424,2.7236391934324424
8,False,15.073776395454352,9.374263142300002,9.374263142300002
13,False,29.882297204141135,18.54313681791885,18.54313681791885
4,False,6.421804357777883,2.8487181869324143,2.8487181869324143
8,False,17.45899586213046,9.062809926069418,9.062809926069418
13,False,29.797895764971255,13.527455848534384,13.527455848534384
4,False,7.796802976654443,3.1593891644863863,3.1593891644863863
8,False,19.806215558657808,8.657676449589385,8.657676449589385
13,False,28.60869149554008,9.34975160792899,9.34975160792899
4,False,9.125663612658249,2.8518885952544335,2.8518885952544335
8,False,21.383404512373765,6.259789142581409,6.259789142581409
13,False,25.77920167092506,9.44800898749012,9.44800898749012
4,False,11.066051408156136,2.964676535143947,2.964676535143947
8,False,22.098757099679638,3.8011022261372673,3.8011022261372673
13,False,22.144539055585483,13.399974689810442,13.399974689810442
4,False,3.9945997620378244,1.8711950437957419,1.8711950437957419
8,False,3.7386840518962545,5.987042568768776,5.987042568768776
13,False,2.66490282253692,12.486281668315833,12.486281668315833
4,False,0.881788870142867,6.335505530230086,6.335505530230086
8,False,0.7660624019272694,12.817530737155764,12.817530737155764
13,False,2.0898855538274748,21.806728463826996,21.806728463826996
4,False,0.5439454791815237,3.3490524909029844,3.3490524909029844
8,False,0.43651354938964865,6.7755227802736115,6.7755227802736115
13,False,1.1982703057163642,11.783917693596198,11.783917693596198
4,False,1.520038629289224,0.7863871048392534,0.7863871048392534
8,False,1.2415266532998992,0.8967520351311052,0.8967520351311052
13,False,0.9174443775955323,1.9599940304501893,1.9599940304501893
4,False,0.5448022808735802,1.7010170290194637,1.7010170290194637
8,False,0.3307703192377711,3.955160373091421,3.955160373091421
13,False,0.9403874013517822,7.135715805607071,7.135715805607071
4,False,0.724295581029878,0.7272159979590527,0.7272159979590527
8,False,0.5316820232008083,1.4194646995147986,1.4194646995147986
13,False,0.4317381183156747,2.8087510809161946,2.8087510809161946
4,False,0.4099607839421337,1.5291168077424093,1.5291168077424093
8,False,0.41327577737674737,2.911691528421344,2.911691528421344
13,False,0.7913911117797372,4.5835792174073156,4.5835792174073156
4,False,0.8978001234761976,3.013553012793324,3.013553012793324
8,False,1.3185791460930505,4.843592774233489,4.843592774233489
13,False,1.54491580006416,6.555176840784102,6.555176840784102
4,False,1.0770376442475997,2.273054285198793,2.273054285198793
8,False,1.144052445690633,3.6361346776624144,3.6361346776624144
13,False,2.3411248583454074,6.5581541707345785,6.5581541707345785
4,False,1.055563756435455,0.9009374474517036,0.9009374474517036
8,False,0.6914660717701218,0.7318804229835693,0.7318804229835693
13,False,1.9784008364556953,2.540628940365665,2.540628940365665
4,False,0.3370905295966134,1.2665839330579465,1.2665839330579465
8,False,0.5414463105430961,2.3733224089135128,2.3733224089135128
13,False,1.76172405060106,1.723030924679312,1.723030924679312
4,False,0.6400130893724079,0.573888296293721,0.573888296293721
8,False,1.0024424557843747,1.3740236290500771,1.3740236290500771
13,False,2.778496944647995,3.872775137058234,3.872775137058234
4,False,0.7607423639281212,2.7117190204417216,2.7117190204417216
8,False,1.2559750633547058,2.9154530390463886,2.9154530390463886
13,False,2.16549911641303,2.533359953331361,2.533359953331361
4,False,0.5588671411114452,0.46004993969585184,0.46004993969585184
8,False,1.9917901545464707,2.4169248089718005,2.4169248089718005
13,False,3.2827521534184148,4.387978365801497,4.387978365801497
4,False,1.1906081663622676,2.5819588077025113,2.5819588077025113
8,False,3.364792799041525,6.567868878160371,6.567868878160371
13,False,4.75804924415811,9.693809848681324,9.693809848681324
4,False,1.5814802864454618,1.8102966220217072,1.8102966220217072
8,False,3.51385647590505,4.4820167274999285,4.4820167274999285
13,False,3.997581635777732,5.17410403235378,5.17410403235378
4,False,2.3442502263160225,2.446056386255408,2.446056386255408
8,False,3.97397960408947,4.401487717554822,4.401487717554822
13,False,3.652839975730289,4.056257437909681,4.056257437909681
4,False,3.22085025990723,2.8648277684695937,2.8648277684695937
8,False,4.177502824296946,3.5275535502116493,3.5275535502116493
13,False,3.612802260628392,4.056691368306222,4.056691368306222
4,False,2.5495418143251936,0.2733221732229869,0.2733221732229869
8,False,2.4402386110768344,2.4435981932274724,2.4435981932274724
13,False,3.7637599220803017,10.097735531933145,10.097735531933145
4,False,2.0015825462643075,0.9102129023165219,0.9102129023165219
8,False,1.3526485948579658,4.402292978312575,4.402292978312575
13,False,5.3002581691109905,14.510032487391019,14.510032487391019
4,False,1.3729017016206153,1.6455203589620222,1.6455203589620222
8,False,1.2842803040208133,6.022207241458421,6.022207241458421
13,False,7.53592569604507,17.995313923015267,17.995313923015267
4,False,0.102754715061155,3.4643741714584153,3.4643741714584153
8,False,2.5997274305271016,9.500730099101503,9.500730099101503
13,False,11.125229738829349,24.128263903855824,24.128263903855824
4,False,0.18405235198503933,2.136145270619493,2.136145270619493
8,False,3.5296446856054384,7.504530637521734,7.504530637521734
13,False,12.89866434586338,20.517431051128273,20.517431051128273
4,False,0.44193788666687056,1.389731512216356,1.389731512216356
8,False,4.885054708170582,6.9136509262591055,6.9136509262591055
13,False,14.906109387141047,18.740936605131456,18.740936605131456
4,False,1.7370062114378877,3.0343659505765475,3.0343659505765475
8,False,7.7789674834478655,10.410101095760906,10.410101095760906
13,False,18.27142931622555,23.037375048856802,23.037375048856802
4,False,2.9195861530964997,3.237258220761548,3.237258220761548
8,False,9.95227454255064,10.450824068699632,10.450824068699632
13,False,19.77337587488907,20.44506505506941,20.44506505506941
4,False,4.07816761628283,3.2479549718648153,3.2479549718648153
8,False,12.003004853622091,9.8955142537867,9.8955142537867
13,False,20.43131115734344,16.274939271356203,16.274939271356203
4,False,5.898837206459447,4.567838023550891,4.567838023550891
8,False,14.536339378679791,11.044828774495933,11.044828774495933
13,False,21.461717407362258,14.787947939245793,14.787947939245793
4,False,7.195027132669499,3.6943421025342165,3.6943421025342165
8,False,15.285826402214006,7.331645409377654,7.331645409377654
13,False,19.990200271993412,6.213684512392236,6.213684512392236
