msa,population,median_income,housing_units,density,hazard_index
New York,19798537,99155,8038666,3224.7306580858603,3370
Los Angeles,12974487,95958,4796635,2673.439854806386,296
Chicago,9371595,90887,3900420,1353.662499963889,3753
Dallas,7985590,90275,3096731,920.4650189197203,3562
Houston,7442788,82168,2906364,842.1285833348608,1062
Washington DC,6318377,126684,2506631,1047.0494538118496,3765
Miami,6249291,76527,2680465,1233.3011322988875,769
Philadelphia,6272014,91289,2624257,1362.531679008065,2771
Atlanta,6256377,89724,2497322,712.1199704151104,2571
Phoenix,5028754,88301,2068985,345.1755123848841,1613
Boston,4953354,115863,2059059,1420.8873586206244,1354
San Francisco,4645029,136027,1880374,1880.7293054261029,573
Riverside,4675704,89662,1613300,171.41298553895493,1039
Detroit,4376828,76664,1926157,1124.475346251563,837
Seattle,4061920,115177,1704523,691.9524447934749,17
