date,mortgage_rate,fed_funds,cpi,unemployment
2018-01-01,3.99,1.16,247.284,4.2
2018-01-08,3.95,1.3,247.284,4.1
2018-01-15,3.99,1.3,247.805,4.1
2018-01-22,4.04,1.3,247.805,4.1
2018-01-29,4.15,1.3,247.805,4.1
2018-02-05,4.22,1.41,247.805,4.0
2018-02-12,4.32,1.41,248.859,4.0
2018-02-19,4.38,1.41,248.859,4.0
2018-02-26,4.4,1.41,248.859,4.0
2018-03-05,4.43,1.42,248.859,4.0
2018-03-12,4.46,1.42,248.859,4.1
2018-03-19,4.44,1.42,249.529,4.1
2018-03-26,4.45,1.42,249.529,4.1
2018-04-02,4.44,1.51,249.529,4.1
2018-04-09,4.4,1.51,249.529,4.0
2018-04-16,4.42,1.51,249.577,4.0
2018-04-23,4.47,1.51,249.577,4.0
2018-04-30,4.58,1.51,249.577,4.0
2018-05-07,4.55,1.69,249.577,4.0
2018-05-14,4.55,1.69,250.227,4.0
2018-05-21,4.61,1.69,250.227,4.0
2018-05-28,4.66,1.69,250.227,4.0
2018-06-04,4.56,1.7,250.227,4.0
2018-06-11,4.54,1.7,250.227,3.8
2018-06-18,4.62,1.7,250.792,3.8
2018-06-25,4.57,1.7,250.792,3.8
2018-07-02,4.55,1.7,250.792,3.8
2018-07-09,4.52,1.82,250.792,4.0
2018-07-16,4.53,1.82,251.018,4.0
2018-07-23,4.52,1.82,251.018,4.0
2018-07-30,4.54,1.82,251.018,4.0
2018-08-06,4.6,1.91,251.018,3.8
2018-08-13,4.59,1.91,251.214,3.8
2018-08-20,4.53,1.91,251.214,3.8
2018-08-27,4.51,1.91,251.214,3.8
2018-09-03,4.52,1.91,251.214,3.8
2018-09-10,4.54,1.91,251.214,3.8
2018-09-17,4.6,1.91,251.663,3.8
2018-09-24,4.65,1.91,251.663,3.8
2018-10-01,4.72,1.91,251.663,3.8
2018-10-08,4.71,1.95,251.663,3.7
2018-10-15,4.9,1.95,252.182,3.7
2018-10-22,4.85,1.95,252.182,3.7
2018-10-29,4.86,1.95,252.182,3.7
2018-11-05,4.83,2.19,252.182,3.8
2018-11-12,4.94,2.19,252.772,3.8
2018-11-19,4.94,2.19,252.772,3.8
2018-11-26,4.81,2.19,252.772,3.8
2018-12-03,4.81,2.2,252.772,3.8
2018-12-10,4.75,2.2,252.772,3.8
2018-12-17,4.63,2.2,252.594,3.8
2018-12-24,4.62,2.2,252.594,3.8
2018-12-31,4.55,2.2,252.594,3.8
2019-01-07,4.51,2.27,252.594,3.9
2019-01-14,4.45,2.27,252.767,3.9
2019-01-21,4.45,2.27,252.767,3.9
2019-01-28,4.45,2.27,252.767,3.9
2019-02-04,4.46,2.4,252.767,3.9
2019-02-11,4.41,2.4,252.767,4.0
2019-02-18,4.37,2.4,252.561,4.0
2019-02-25,4.35,2.4,252.561,4.0
2019-03-04,4.35,2.4,252.561,4.0
2019-03-11,4.41,2.4,252.561,3.8
2019-03-18,4.31,2.4,253.319,3.8
2019-03-25,4.28,2.4,253.319,3.8
2019-04-01,4.06,2.4,253.319,3.8
2019-04-08,4.08,2.41,253.319,3.8
2019-04-15,4.12,2.41,254.277,3.8
2019-04-22,4.17,2.41,254.277,3.8
2019-04-29,4.2,2.41,254.277,3.8
2019-05-06,4.14,2.42,254.277,3.7
2019-05-13,4.1,2.42,255.233,3.7
2019-05-20,4.07,2.42,255.233,3.7
2019-05-27,4.06,2.42,255.233,3.7
2019-06-03,3.99,2.39,255.233,3.7
2019-06-10,3.82,2.39,255.233,3.6
2019-06-17,3.82,2.39,255.296,3.6
2019-06-24,3.84,2.39,255.296,3.6
2019-07-01,3.73,2.39,255.296,3.6
2019-07-08,3.75,2.38,255.296,3.6
2019-07-15,3.75,2.38,255.213,3.6
2019-07-22,3.81,2.38,255.213,3.6
2019-07-29,3.75,2.38,255.213,3.6
2019-08-05,3.75,2.4,255.213,3.7
2019-08-12,3.6,2.4,255.802,3.7
2019-08-19,3.6,2.4,255.802,3.7
2019-08-26,3.55,2.4,255.802,3.7
2019-09-02,3.58,2.13,255.802,3.7
2019-09-09,3.49,2.13,255.802,3.6
2019-09-16,3.56,2.13,256.036,3.6
2019-09-23,3.73,2.13,256.036,3.6
2019-09-30,3.64,2.13,256.036,3.6
2019-10-07,3.65,2.04,256.036,3.5
2019-10-14,3.57,2.04,256.43,3.5
2019-10-21,3.69,2.04,256.43,3.5
2019-10-28,3.75,2.04,256.43,3.5
2019-11-04,3.78,1.83,256.43,3.5
2019-11-11,3.69,1.83,256.43,3.6
2019-11-18,3.75,1.83,257.155,3.6
2019-11-25,3.66,1.83,257.155,3.6
2019-12-02,3.68,1.83,257.155,3.6
2019-12-09,3.68,1.55,257.155,3.6
2019-12-16,3.73,1.55,257.879,3.6
2019-12-23,3.73,1.55,257.879,3.6
2019-12-30,3.74,1.55,257.879,3.6
2020-01-06,3.72,1.55,257.879,3.6
2020-01-13,3.64,1.55,258.63,3.6
2020-01-20,3.65,1.55,258.63,3.6
2020-01-27,3.6,1.55,258.63,3.6
2020-02-03,3.51,1.55,258.63,3.6
2020-02-10,3.45,1.55,258.63,3.6
2020-02-17,3.47,1.55,259.127,3.6
2020-02-24,3.49,1.55,259.127,3.6
2020-03-02,3.45,1.55,259.127,3.6
2020-03-09,3.29,1.58,259.127,3.5
2020-03-16,3.36,1.58,259.25,3.5
2020-03-23,3.65,1.58,259.25,3.5
2020-03-30,3.5,1.58,259.25,3.5
2020-04-06,3.33,0.65,259.25,4.4
2020-04-13,3.33,0.65,258.076,4.4
2020-04-20,3.31,0.65,258.076,4.4
2020-04-27,3.33,0.65,258.076,4.4
2020-05-04,3.23,0.05,258.076,4.4
2020-05-11,3.26,0.05,258.076,14.8
2020-05-18,3.28,0.05,256.032,14.8
2020-05-25,3.24,0.05,256.032,14.8
2020-06-01,3.15,0.05,256.032,14.8
2020-06-08,3.18,0.05,256.032,13.2
2020-06-15,3.21,0.05,255.802,13.2
2020-06-22,3.13,0.05,255.802,13.2
2020-06-29,3.13,0.05,255.802,13.2
2020-07-06,3.07,0.08,255.802,11.0
2020-07-13,3.03,0.08,257.042,11.0
2020-07-20,2.98,0.08,257.042,11.0
2020-07-27,3.01,0.08,257.042,11.0
2020-08-03,2.99,0.09,257.042,11.0
2020-08-10,2.88,0.09,257.042,10.2
2020-08-17,2.96,0.09,258.352,10.2
2020-08-24,2.99,0.09,258.352,10.2
2020-08-31,2.91,0.09,258.352,10.2
2020-09-07,2.93,0.1,258.352,8.4
2020-09-14,2.86,0.1,259.316,8.4
2020-09-21,2.87,0.1,259.316,8.4
2020-09-28,2.9,0.1,259.316,8.4
2020-10-05,2.88,0.09,259.316,8.4
2020-10-12,2.87,0.09,259.316,7.8
2020-10-19,2.81,0.09,259.997,7.8
2020-10-26,2.8,0.09,259.997,7.8
2020-11-02,2.81,0.09,259.997,7.8
2020-11-09,2.78,0.09,259.997,6.9
2020-11-16,2.84,0.09,260.319,6.9
2020-11-23,2.72,0.09,260.319,6.9
2020-11-30,2.72,0.09,260.319,6.9
2020-12-07,2.71,0.09,260.319,6.7
2020-12-14,2.71,0.09,260.911,6.7
2020-12-21,2.67,0.09,260.911,6.7
2020-12-28,2.66,0.09,260.911,6.7
2021-01-04,2.67,0.09,260.911,6.7
2021-01-11,2.65,0.09,260.911,6.7
2021-01-18,2.79,0.09,262.045,6.7
2021-01-25,2.77,0.09,262.045,6.7
2021-02-01,2.73,0.09,262.045,6.7
2021-02-08,2.73,0.09,262.045,6.4
2021-02-15,2.73,0.09,262.687,6.4
2021-02-22,2.81,0.09,262.687,6.4
2021-03-01,2.97,0.09,262.687,6.4
2021-03-08,3.02,0.08,262.687,6.2
2021-03-15,3.05,0.08,263.579,6.2
2021-03-22,3.09,0.08,263.579,6.2
2021-03-29,3.17,0.08,263.579,6.2
2021-04-05,3.18,0.07,263.579,6.1
2021-04-12,3.13,0.07,264.961,6.1
2021-04-19,3.04,0.07,264.961,6.1
2021-04-26,2.97,0.07,264.961,6.1
2021-05-03,2.98,0.07,264.961,6.1
2021-05-10,2.96,0.07,264.961,6.1
2021-05-17,2.94,0.07,266.614,6.1
2021-05-24,3.0,0.07,266.614,6.1
2021-05-31,2.95,0.07,266.614,6.1
2021-06-07,2.99,0.06,266.614,5.8
2021-06-14,2.96,0.06,268.383,5.8
2021-06-21,2.93,0.06,268.383,5.8
2021-06-28,3.02,0.06,268.383,5.8
2021-07-05,2.98,0.08,268.383,5.8
2021-07-12,2.9,0.08,268.383,5.9
2021-07-19,2.88,0.08,270.654,5.9
2021-07-26,2.78,0.08,270.654,5.9
2021-08-02,2.8,0.1,270.654,5.9
2021-08-09,2.77,0.1,270.654,5.4
2021-08-16,2.87,0.1,271.903,5.4
2021-08-23,2.86,0.1,271.903,5.4
2021-08-30,2.87,0.1,271.903,5.4
2021-09-06,2.87,0.09,271.903,5.1
2021-09-13,2.88,0.09,272.676,5.1
2021-09-20,2.86,0.09,272.676,5.1
2021-09-27,2.88,0.09,272.676,5.1
2021-10-04,3.01,0.08,272.676,5.1
2021-10-11,2.99,0.08,272.676,4.7
2021-10-18,3.05,0.08,273.91,4.7
2021-10-25,3.09,0.08,273.91,4.7
2021-11-01,3.14,0.08,273.91,4.7
2021-11-08,3.09,0.08,273.91,4.5
2021-11-15,2.98,0.08,276.55,4.5
2021-11-22,3.1,0.08,276.55,4.5
2021-11-29,3.1,0.08,276.55,4.5
2021-12-06,3.11,0.08,276.55,4.1
2021-12-13,3.1,0.08,278.919,4.1
2021-12-20,3.12,0.08,278.919,4.1
2021-12-27,3.05,0.08,278.919,4.1
2022-01-03,3.11,0.08,278.919,4.1
2022-01-10,3.22,0.08,278.919,3.9
2022-01-17,3.45,0.08,280.845,3.9
2022-01-24,3.56,0.08,280.845,3.9
2022-01-31,3.55,0.08,280.845,3.9
2022-02-07,3.55,0.08,280.845,4.0
2022-02-14,3.69,0.08,282.543,4.0
2022-02-21,3.92,0.08,282.543,4.0
2022-02-28,3.89,0.08,282.543,4.0
2022-03-07,3.76,0.08,282.543,4.0
2022-03-14,3.85,0.08,282.543,3.9
2022-03-21,4.16,0.08,284.5,3.9
2022-03-28,4.42,0.08,284.5,3.9
2022-04-04,4.67,0.2,284.5,3.9
2022-04-11,4.72,0.2,284.5,3.7
2022-04-18,5.0,0.2,287.674,3.7
2022-04-25,5.11,0.2,287.674,3.7
2022-05-02,5.1,0.2,287.674,3.7
2022-05-09,5.27,0.33,287.674,3.7
2022-05-16,5.3,0.33,288.561,3.7
2022-05-23,5.25,0.33,288.561,3.7
2022-05-30,5.1,0.33,288.561,3.7
2022-06-06,5.09,0.77,288.561,3.6
2022-06-13,5.23,0.77,291.298,3.6
2022-06-20,5.78,0.77,291.298,3.6
2022-06-27,5.81,0.77,291.298,3.6
2022-07-04,5.7,1.21,291.298,3.6
2022-07-11,5.3,1.21,291.298,3.6
2022-07-18,5.51,1.21,294.957,3.6
2022-07-25,5.54,1.21,294.957,3.6
2022-08-01,5.3,1.21,294.957,3.6
2022-08-08,4.99,1.68,294.957,3.5
2022-08-15,5.22,1.68,294.913,3.5
2022-08-22,5.13,1.68,294.913,3.5
2022-08-29,5.55,1.68,294.913,3.5
2022-09-05,5.66,2.33,294.913,3.6
2022-09-12,5.89,2.33,295.097,3.6
2022-09-19,6.02,2.33,295.097,3.6
2022-09-26,6.29,2.33,295.097,3.6
2022-10-03,6.7,2.56,295.097,3.6
2022-10-10,6.66,2.56,295.097,3.5
2022-10-17,6.92,2.56,296.349,3.5
2022-10-24,6.94,2.56,296.349,3.5
2022-10-31,7.08,2.56,296.349,3.5
2022-11-07,6.95,3.08,296.349,3.6
2022-11-14,7.08,3.08,298.007,3.6
2022-11-21,6.61,3.08,298.007,3.6
2022-11-28,6.58,3.08,298.007,3.6
2022-12-05,6.49,3.78,298.007,3.6
2022-12-12,6.33,3.78,298.007,3.6
2022-12-19,6.31,3.78,298.786,3.6
2022-12-26,6.27,3.78,298.786,3.6
2023-01-02,6.42,4.1,298.786,3.6
2023-01-09,6.48,4.1,298.786,3.5
2023-01-16,6.33,4.1,298.832,3.5
2023-01-23,6.15,4.1,298.832,3.5
2023-01-30,6.13,4.1,298.832,3.5
2023-02-06,6.09,4.33,298.832,3.5
2023-02-13,6.12,4.33,300.42,3.5
2023-02-20,6.32,4.33,300.42,3.5
2023-02-27,6.5,4.33,300.42,3.5
2023-03-06,6.65,4.57,300.42,3.5
2023-03-13,6.73,4.57,300.42,3.6
2023-03-20,6.6,4.57,301.45,3.6
2023-03-27,6.42,4.57,301.45,3.6
2023-04-03,6.32,4.65,301.45,3.6
2023-04-10,6.28,4.65,301.45,3.5
2023-04-17,6.27,4.65,301.821,3.5
2023-04-24,6.39,4.65,301.821,3.5
2023-05-01,6.43,4.65,301.821,3.5
2023-05-08,6.39,4.83,301.821,3.4
2023-05-15,6.35,4.83,302.845,3.4
2023-05-22,6.39,4.83,302.845,3.4
2023-05-29,6.57,4.83,302.845,3.4
2023-06-05,6.79,5.06,302.845,3.6
2023-06-12,6.71,5.06,303.334,3.6
2023-06-19,6.69,5.06,303.334,3.6
2023-06-26,6.67,5.06,303.334,3.6
2023-07-03,6.71,5.08,303.334,3.6
2023-07-10,6.81,5.08,303.334,3.6
2023-07-17,6.96,5.08,304.014,3.6
2023-07-24,6.78,5.08,304.014,3.6
2023-07-31,6.81,5.08,304.014,3.6
2023-08-07,6.9,5.12,304.014,3.5
2023-08-14,6.96,5.12,304.609,3.5
2023-08-21,7.09,5.12,304.609,3.5
2023-08-28,7.23,5.12,304.609,3.5
2023-09-04,7.18,5.33,304.609,3.5
2023-09-11,7.12,5.33,304.609,3.7
2023-09-18,7.18,5.33,306.082,3.7
2023-09-25,7.19,5.33,306.082,3.7
2023-10-02,7.31,5.33,306.082,3.7
2023-10-09,7.49,5.33,306.082,3.7
2023-10-16,7.57,5.33,307.276,3.7
2023-10-23,7.63,5.33,307.276,3.7
2023-10-30,7.79,5.33,307.276,3.7
2023-11-06,7.76,5.33,307.276,3.9
2023-11-13,7.5,5.33,307.696,3.9
2023-11-20,7.44,5.33,307.696,3.9
2023-11-27,7.29,5.33,307.696,3.9
2023-12-04,7.22,5.33,307.696,3.9
2023-12-11,7.03,5.33,307.696,3.7
2023-12-18,6.95,5.33,308.148,3.7
2023-12-25,6.67,5.33,308.148,3.7
2024-01-01,6.61,5.33,308.148,3.7
2024-01-08,6.62,5.33,308.148,3.8
2024-01-15,6.66,5.33,308.741,3.8
2024-01-22,6.6,5.33,308.741,3.8
2024-01-29,6.69,5.33,308.741,3.8
2024-02-05,6.63,5.33,308.741,3.7
2024-02-12,6.64,5.33,309.698,3.7
2024-02-19,6.77,5.33,309.698,3.7
2024-02-26,6.9,5.33,309.698,3.7
2024-03-04,6.94,5.33,309.698,3.7
2024-03-11,6.88,5.33,309.698,3.9
2024-03-18,6.74,5.33,310.967,3.9
2024-03-25,6.87,5.33,310.967,3.9
2024-04-01,6.79,5.33,310.967,3.9
2024-04-08,6.82,5.33,310.967,3.9
2024-04-15,6.88,5.33,312.345,3.9
2024-04-22,7.1,5.33,312.345,3.9
2024-04-29,7.17,5.33,312.345,3.9
2024-05-06,7.22,5.33,312.345,3.9
2024-05-13,7.09,5.33,313.023,3.9
2024-05-20,7.02,5.33,313.023,3.9
2024-05-27,6.94,5.33,313.023,3.9
2024-06-03,7.03,5.33,313.023,3.9
2024-06-10,6.99,5.33,313.023,3.9
2024-06-17,6.95,5.33,313.175,3.9
2024-06-24,6.87,5.33,313.175,3.9
2024-07-01,6.86,5.33,313.175,3.9
2024-07-08,6.95,5.33,313.175,4.1
2024-07-15,6.89,5.33,313.044,4.1
2024-07-22,6.77,5.33,313.044,4.1
2024-07-29,6.78,5.33,313.044,4.1
2024-08-05,6.73,5.33,313.044,4.2
2024-08-12,6.47,5.33,313.569,4.2
2024-08-19,6.49,5.33,313.569,4.2
2024-08-26,6.46,5.33,313.569,4.2
2024-09-02,6.35,5.33,313.569,4.2
2024-09-09,6.35,5.33,313.569,4.2
2024-09-16,6.2,5.33,314.062,4.2
2024-09-23,6.09,5.33,314.062,4.2
2024-09-30,6.08,5.33,314.062,4.2
2024-10-07,6.12,5.13,314.062,4.1
2024-10-14,6.32,5.13,314.732,4.1
2024-10-21,6.44,5.13,314.732,4.1
2024-10-28,6.54,5.13,314.732,4.1
2024-11-04,6.72,4.83,314.732,4.1
2024-11-11,6.79,4.83,314.732,4.1
2024-11-18,6.78,4.83,315.631,4.1
2024-11-25,6.84,4.83,315.631,4.1
2024-12-02,6.81,4.83,315.631,4.1
2024-12-09,6.69,4.64,315.631,4.2
2024-12-16,6.6,4.64,316.528,4.2
2024-12-23,6.72,4.64,316.528,4.2
2024-12-30,6.85,4.64,316.528,4.2
2025-01-06,6.91,4.48,316.528,4.1
2025-01-13,6.93,4.48,317.604,4.1
2025-01-20,7.04,4.48,317.604,4.1
2025-01-27,6.96,4.48,317.604,4.1
2025-02-03,6.95,4.33,317.604,4.1
2025-02-10,6.89,4.33,317.604,4.0
2025-02-17,6.87,4.33,318.961,4.0
2025-02-24,6.85,4.33,318.961,4.0
2025-03-03,6.76,4.33,318.961,4.0
2025-03-10,6.63,4.33,318.961,4.2
2025-03-17,6.65,4.33,319.679,4.2
2025-03-24,6.67,4.33,319.679,4.2
2025-03-31,6.65,4.33,319.679,4.2
2025-04-07,6.64,4.33,319.679,4.2
2025-04-14,6.62,4.33,319.785,4.2
2025-04-21,6.83,4.33,319.785,4.2
2025-04-28,6.81,4.33,319.785,4.2
2025-05-05,6.76,4.33,319.785,4.2
2025-05-12,6.76,4.33,319.785,4.2
2025-05-19,6.81,4.33,320.302,4.2
2025-05-26,6.86,4.33,320.302,4.2
2025-06-02,6.89,4.33,320.302,4.2
2025-06-09,6.85,4.33,320.302,4.3
2025-06-16,6.84,4.33,320.62,4.3
2025-06-23,6.81,4.33,320.62,4.3
2025-06-30,6.77,4.33,320.62,4.3
2025-07-07,6.67,4.33,320.62,4.1
2025-07-14,6.72,4.33,321.435,4.1
2025-07-21,6.75,4.33,321.435,4.1
2025-07-28,6.74,4.33,321.435,4.1
2025-08-04,6.72,4.33,321.435,4.1
2025-08-11,6.63,4.33,321.435,4.3
2025-08-18,6.58,4.33,322.169,4.3
2025-08-25,6.58,4.33,322.169,4.3
2025-09-01,6.56,4.33,322.169,4.3
2025-09-08,6.5,4.33,322.169,4.3
2025-09-15,6.35,4.33,323.291,4.3
2025-09-22,6.26,4.33,323.291,4.3
2025-09-29,6.3,4.33,323.291,4.3
2025-10-06,6.34,4.22,323.291,4.4
2025-10-13,6.3,4.22,324.245,4.4
2025-10-20,6.27,4.22,324.245,4.4
2025-10-27,6.19,4.22,324.245,4.4
2025-11-03,6.17,4.09,324.245,4.4
2025-11-10,6.22,4.09,324.245,4.4
2025-11-17,6.24,4.09,324.245,4.4
2025-11-24,6.26,4.09,324.245,4.4
2025-12-01,6.23,4.09,324.245,4.4
2025-12-08,6.19,3.88,324.245,4.5
2025-12-15,6.22,3.88,325.063,4.5
2025-12-22,6.21,3.88,325.063,4.5
2025-12-29,6.18,3.88,325.063,4.5
2026-01-05,6.15,3.72,325.063,4.4
2026-01-12,6.16,3.72,326.031,4.4
2026-01-19,6.06,3.72,326.031,4.4
2026-01-26,6.09,3.72,326.031,4.4
2026-02-02,6.1,3.64,326.031,4.4
2026-02-09,6.11,3.64,326.031,4.3
2026-02-16,6.09,3.64,326.588,4.3
2026-02-23,6.01,3.64,326.588,4.3
2026-03-02,5.98,3.64,326.588,4.3
2026-03-09,6.0,3.64,326.588,4.4
2026-03-16,6.11,3.64,327.46,4.4
2026-03-23,6.22,3.64,327.46,4.4
2026-03-30,6.38,3.64,327.46,4.4
2026-04-06,6.46,3.64,327.46,4.3
2026-04-13,6.37,3.64,330.293,4.3
2026-04-20,6.3,3.64,330.293,4.3
2026-04-27,6.23,3.64,330.293,4.3
2026-05-04,6.3,3.64,330.293,4.3
2026-05-11,6.37,3.64,330.293,4.3
2026-05-18,6.36,3.64,332.407,4.3
2026-05-25,6.51,3.64,332.407,4.3
2026-06-01,6.53,3.64,332.407,4.3
2026-06-08,6.48,3.63,332.407,4.3
2026-06-15,6.52,3.63,333.979,4.3
2026-06-22,6.47,3.63,333.979,4.3
2026-06-29,6.49,3.63,333.979,4.3
