msa,origin,horizon,naive_mape,timesfm_mape,timesfm_failed
Atlanta,2021-05-01,4,2.125854730731078,0.7797558100855553,False
Atlanta,2021-05-01,8,5.29908227554625,2.7118096178189086,False
Atlanta,2021-05-01,13,9.223654820641269,5.045035614914233,False
Atlanta,2021-05-08,4,2.2397166533909685,2.017158186156892,False
Atlanta,2021-05-08,8,6.05609280445132,4.981842226873414,False
Atlanta,2021-05-08,13,9.502387330281458,7.274320309417968,False
Atlanta,2021-05-15,4,3.352994938184642,3.5722359029767357,False
Atlanta,2021-05-15,8,7.468642861937813,7.1179303784981816,False
Atlanta,2021-05-15,13,10.306014195877438,8.92625776950465,False
Atlanta,2021-05-22,4,4.014770694604261,1.9949490559584813,False
Atlanta,2021-05-22,8,8.11181245141131,4.458044659747248,False
Atlanta,2021-05-22,13,10.418612471054429,4.4400797403184304,False
Atlanta,2021-05-29,4,4.983208773553599,2.735902166416119,False
Atlanta,2021-05-29,8,8.573774799621772,4.4430570316311115,False
Atlanta,2021-05-29,13,10.431115432048395,3.830571063407017,False
Atlanta,2021-06-05,4,5.902290391657421,2.9558582500838178,False
Atlanta,2021-06-05,8,8.59382020184649,2.8733928560792585,False
Atlanta,2021-06-05,13,10.085585881640661,2.7917751610105848,False
Atlanta,2021-06-12,4,5.803628125377107,1.1659283357808705,False
Atlanta,2021-06-12,8,7.452198017762987,2.0596025202960244,False
Atlanta,2021-06-12,13,8.686469640572982,5.19574954688532,False
Atlanta,2021-06-19,4,5.489815501030902,1.6981315209307508,False
Atlanta,2021-06-19,8,6.403438380274229,2.16519481668656,False
Atlanta,2021-06-19,13,7.347956364664186,4.423142304972379,False
Atlanta,2021-06-26,4,3.9664402794646807,1.249388190754324,False
Atlanta,2021-06-26,8,4.520145823528913,4.749761254740779,False
Atlanta,2021-06-26,13,5.174859700925487,9.180846293568951,False
Atlanta,2021-07-03,4,1.948817334263428,3.1618388888252094,False
Atlanta,2021-07-03,8,2.4742342841074643,6.619285550360929,False
Atlanta,2021-07-03,13,2.811589580364968,11.346980417884565,False
Atlanta,2021-07-10,4,0.16700961003194037,2.7580436308577165,False
Atlanta,2021-07-10,8,1.0011602016968726,4.888871127147602,False
Atlanta,2021-07-10,13,1.0990388567060967,8.474842400424656,False
Atlanta,2021-07-17,4,0.30355812779740526,0.35490541005390175,False
Atlanta,2021-07-17,8,1.1051979152887903,1.0311363936060223,False
Atlanta,2021-07-17,13,1.1836503605792272,3.70562880576016,False
Atlanta,2021-07-24,4,0.6658129040518679,0.6412822272542339,False
Atlanta,2021-07-24,8,1.3587209871630732,1.3446358685703474,False
Atlanta,2021-07-24,13,1.3956001615018865,4.305549608357947,False
Atlanta,2021-07-31,4,1.038019355974466,0.4385888423704482,False
Atlanta,2021-07-31,8,1.3535509173581346,1.0417590505459642,False
Atlanta,2021-07-31,13,1.6418886504917587,3.6749841828342005,False
Atlanta,2021-08-07,4,1.7592248589429051,1.219350073389187,False
Atlanta,2021-08-07,8,1.5096614181217618,1.2811687466011035,False
Atlanta,2021-08-07,13,1.9580779066025906,3.6701046678848033,False
Atlanta,2021-08-14,4,0.93384186149224,2.4487982875079606,False
Atlanta,2021-08-14,8,0.9890295430430095,5.056516107734947,False
Atlanta,2021-08-14,13,2.3431500497286226,9.242355753717565,False
Atlanta,2021-08-21,4,0.6112118507194888,0.5716728911778275,False
Atlanta,2021-08-21,8,1.3740793724566758,2.666601078278945,False
Atlanta,2021-08-21,13,3.0215576673309306,5.533623758827388,False
Atlanta,2021-08-28,4,0.3709019942823204,1.294889445095234,False
Atlanta,2021-08-28,8,1.9696645821921044,3.625945100078069,False
Atlanta,2021-08-28,13,4.087394694087869,6.539133946559257,False
Atlanta,2021-09-04,4,1.2462482647556805,2.3841431546319876,False
Atlanta,2021-09-04,8,3.0994803343891806,5.083944703006369,False
Atlanta,2021-09-04,13,5.6429244160800165,8.710176576452868,False
Atlanta,2021-09-11,4,1.524223446753166,0.8547702798664151,False
Atlanta,2021-09-11,8,3.3514773791500696,2.60717355757677,False
Atlanta,2021-09-11,13,6.475655271476834,6.479009563116649,False
Atlanta,2021-09-18,4,2.653970479470622,3.049866032090532,False
Atlanta,2021-09-18,8,4.213922775390885,5.499371344441789,False
Atlanta,2021-09-18,13,8.188660302344946,11.032221214001032,False
Atlanta,2021-09-25,4,2.5749821782694298,0.9797697829144222,False
Atlanta,2021-09-25,8,4.044117029105395,2.507297580382169,False
Atlanta,2021-09-25,13,8.990716766806518,7.998705818162823,False
Atlanta,2021-10-02,4,2.3510555216596924,0.9108241328280043,False
Atlanta,2021-10-02,8,4.084165450102452,2.488813779585593,False
Atlanta,2021-10-02,13,10.016384341081029,8.607402349667096,False
Atlanta,2021-10-09,4,2.043184287422462,0.626516556722646,False
Atlanta,2021-10-09,8,4.357415619522899,2.511797049572415,False
Atlanta,2021-10-09,13,11.258679245087064,9.0605464308777,False
Atlanta,2021-10-16,4,1.2419600430729656,0.7379472383823014,False
Atlanta,2021-10-16,8,4.546750957907915,2.889062474169353,False
Atlanta,2021-10-16,13,12.17237109909599,9.97010568214576,False
Atlanta,2021-10-23,4,1.7417706777110173,2.3569991201059746,False
Atlanta,2021-10-23,8,6.354216565064824,7.11787809871608,False
Atlanta,2021-10-23,13,14.282190525387112,15.679135302361058,False
Atlanta,2021-10-30,4,2.3451693141597674,0.9653322546790027,False
Atlanta,2021-10-30,8,7.922018628172649,5.425424676941237,False
Atlanta,2021-10-30,13,15.678313624878548,12.430443054021605,False
Atlanta,2021-11-06,4,3.674612984350328,2.1156455588744354,False
Atlanta,2021-11-06,8,10.267313518193506,7.463981483156264,False
Atlanta,2021-11-06,13,17.265630416396917,13.623690667595415,False
Atlanta,2021-11-13,4,5.534828870646897,3.3941074178679296,False
Atlanta,2021-11-13,8,12.80612519533484,9.331208404820252,False
Atlanta,2021-11-13,13,18.731892252703126,14.522796011262532,False
Boston,2021-05-01,4,3.8521319675643486,6.6465347254796345,False
Boston,2021-05-01,8,6.760581398864927,8.100903037723265,False
Boston,2021-05-01,13,8.610160791068548,9.381549592759884,False
Boston,2021-05-08,4,3.1754916226875816,0.7436164801391181,False
Boston,2021-05-08,8,6.6725418681118125,2.847836578030327,False
Boston,2021-05-08,13,7.840882743612274,2.6781542326126315,False
Boston,2021-05-15,4,4.065361034395947,1.9219140785249202,False
Boston,2021-05-15,8,7.173746721301008,3.907709478637282,False
Boston,2021-05-15,13,7.981646923391598,3.4456780815645778,False
Boston,2021-05-22,4,1.98150148726614,3.6579968809553316,False
Boston,2021-05-22,8,4.675109620143568,2.9476235979626026,False
Boston,2021-05-22,13,5.303442463088067,3.8229235838939557,False
Boston,2021-05-29,4,4.653931166134406,4.67617135629497,False
Boston,2021-05-29,8,5.7024737012619235,5.438449490184234,False
Boston,2021-05-29,13,6.353997089298284,5.4716940481944265,False
Boston,2021-06-05,4,6.209886231796802,4.39110370419601,False
Boston,2021-06-05,8,5.749220440232617,3.4690477809208478,False
Boston,2021-06-05,13,5.971154929497339,3.2980848400851532,False
Boston,2021-06-12,4,4.121371778300069,1.8219029137026417,False
Boston,2021-06-12,8,3.3929350749515814,2.426436416292234,False
Boston,2021-06-12,13,3.0663034885604663,3.478462610363847,False
Boston,2021-06-19,4,3.328234880657393,2.4725678601108587,False
Boston,2021-06-19,8,2.7673061865158983,2.95658225279512,False
Boston,2021-06-19,13,2.3531287338557507,4.309046557228862,False
Boston,2021-06-26,4,2.9989830306903373,9.61932510969611,False
Boston,2021-06-26,8,2.5356231730639522,11.488776346310711,False
Boston,2021-06-26,13,2.9380416756514647,14.075932421416606,False
Boston,2021-07-03,4,3.9490947977711492,6.765978225588047,False
Boston,2021-07-03,8,2.9950742884710952,7.518560455439174,False
Boston,2021-07-03,13,3.3879158997252405,9.072880699070284,False
Boston,2021-07-10,4,1.3507614347696235,1.3027678537218665,False
Boston,2021-07-10,8,1.3075167208704368,2.173652021543516,False
Boston,2021-07-10,13,2.4861897308115943,3.0314032367266854,False
Boston,2021-07-17,4,1.549929863780521,1.758536530075768,False
Boston,2021-07-17,8,1.6145077052397483,3.8628047610943654,False
Boston,2021-07-17,13,3.2430104569441225,3.7531400544898887,False
Boston,2021-07-24,4,3.1927430987248484,2.4366235884563228,False
Boston,2021-07-24,8,2.279762020935931,2.1378525698531727,False
Boston,2021-07-24,13,4.733988831507279,2.980020335170957,False
Boston,2021-07-31,4,1.468711512966668,2.0662064498370007,False
Boston,2021-07-31,8,1.7649070243581428,4.565913454178518,False
Boston,2021-07-31,13,3.751868684865814,4.1559790601416315,False
Boston,2021-08-07,4,1.5822475369716136,4.362930597217023,False
Boston,2021-08-07,8,2.4869518893968694,4.734006882430262,False
Boston,2021-08-07,13,3.154694408556421,4.99736125488515,False
Boston,2021-08-14,4,2.645626313555964,3.6033933827853146,False
Boston,2021-08-14,8,3.3677113346753442,3.188807483303551,False
Boston,2021-08-14,13,3.5770188154354114,4.086749008200759,False
Boston,2021-08-21,4,2.441520977793682,3.1121069681585825,False
Boston,2021-08-21,8,4.045633312197106,3.248943427296579,False
Boston,2021-08-21,13,4.285790039974324,5.079445883677211,False
Boston,2021-08-28,4,2.2177800841586897,1.935774789343612,False
Boston,2021-08-28,8,4.756257025773967,4.142528479581518,False
Boston,2021-08-28,13,5.467458537581698,6.019126975357139,False
Boston,2021-09-04,4,4.484368515674112,6.714324687405856,False
Boston,2021-09-04,8,6.616832272631819,9.286351790490583,False
Boston,2021-09-04,13,7.47979145394482,8.53606156152893,False
Boston,2021-09-11,4,7.408969019446101,7.998835816211612,False
Boston,2021-09-11,8,7.107759078271317,7.872332294551029,False
Boston,2021-09-11,13,9.821304020539092,9.630114275049666,False
Boston,2021-09-18,4,6.744954961966732,4.784303446807381,False
Boston,2021-09-18,8,5.031224067177205,4.301131912078794,False
Boston,2021-09-18,13,13.06082127670879,14.21592051452511,False
Boston,2021-09-25,4,4.734851675611211,2.320207219885333,False
Boston,2021-09-25,8,5.152028131505399,6.644502685875434,False
Boston,2021-09-25,13,18.736745241450652,22.76063292710089,False
Boston,2021-10-02,4,1.90919392650741,6.596569202515673,False
Boston,2021-10-02,8,8.98072620408544,16.749598544904316,False
Boston,2021-10-02,13,29.136364739108465,39.44585315678003,False
Boston,2021-10-09,4,5.024894781126348,5.95324941822674,False
Boston,2021-10-09,8,14.615806398939407,16.22686408928555,False
Boston,2021-10-09,13,39.68266468590059,40.43669769050569,False
Boston,2021-10-16,4,6.761712529776289,6.002186610180113,False
Boston,2021-10-16,8,18.700445523862886,17.260222831543665,False
Boston,2021-10-16,13,47.53397842087112,43.5107627501402,False
Boston,2021-10-23,4,9.172588462153994,9.196781560659467,False
Boston,2021-10-23,8,24.031073896214,23.142100462917636,False
Boston,2021-10-23,13,54.77218411326336,51.38178666182493,False
Boston,2021-10-30,4,10.688106662776294,6.643607113677271,False
Boston,2021-10-30,8,28.258650913509932,19.637200158062246,False
Boston,2021-10-30,13,58.3623588769083,43.61342391350993,False
Boston,2021-11-06,4,13.186923254192514,8.379570961822406,False
Boston,2021-11-06,8,34.21538513195348,23.894679392391975,False
Boston,2021-11-06,13,61.34733108248823,45.26850282443427,False
Boston,2021-11-13,4,16.23649346499939,7.554417040509861,False
Boston,2021-11-13,8,40.72520759658547,23.031637260806985,False
Boston,2021-11-13,13,62.85603455425611,38.29485247416261,False
Chicago,2021-05-01,4,4.373358559902816,1.267170586243757,False
Chicago,2021-05-01,8,8.023796616859718,2.574716865752801,False
Chicago,2021-05-01,13,12.29476418719008,4.616020568943631,False
Chicago,2021-05-08,4,4.715096775053489,1.6199788909951303,False
Chicago,2021-05-08,8,8.441775224877818,2.5027242012517643,False
Chicago,2021-05-08,13,12.64097328301506,4.028928272372022,False
Chicago,2021-05-15,4,5.17993267653665,1.94163954239265,False
Chicago,2021-05-15,8,8.817812323844395,2.978419642147378,False
Chicago,2021-05-15,13,12.934278038181453,4.5508893310376815,False
Chicago,2021-05-22,4,4.354862246566337,0.19067926809145636,False
Chicago,2021-05-22,8,8.114451330621192,0.49039535445989885,False
Chicago,2021-05-22,13,12.133726996077009,1.5166624645002367,False
Chicago,2021-05-29,4,4.887626898483082,1.155037233641092,False
Chicago,2021-05-29,8,8.483377147304557,2.190324790520343,False
Chicago,2021-05-29,13,12.25032031110888,3.3654422663524928,False
Chicago,2021-06-05,4,5.145840472549586,1.2381367893691657,False
Chicago,2021-06-05,8,8.605751610650461,2.177602222924642,False
Chicago,2021-06-05,13,11.948595553679999,2.764208757203126,False
Chicago,2021-06-12,4,4.83202516517123,0.600281715004898,False
Chicago,2021-06-12,8,8.315893826872445,0.8856214238332272,False
Chicago,2021-06-12,13,11.080932611431251,1.115765466776706,False
Chicago,2021-06-19,4,5.205958965624342,1.4483367612700442,False
Chicago,2021-06-19,8,8.553061653132362,2.5113122844894775,False
Chicago,2021-06-19,13,10.646562255165284,2.270723626808603,False
Chicago,2021-06-26,4,4.332490007719254,0.9519403136677149,False
Chicago,2021-06-26,8,7.56161536864733,0.6522731688557818,False
Chicago,2021-06-26,13,9.029265330999674,1.9027175276003991,False
Chicago,2021-07-03,4,4.256326261781386,0.46009375746538794,False
Chicago,2021-07-03,8,7.085301128956758,0.4929988739322325,False
Chicago,2021-07-03,13,7.952712135488992,1.9941704865306271,False
Chicago,2021-07-10,4,4.7379666646467955,0.6196034635394988,False
Chicago,2021-07-10,8,6.824390639300875,0.7564457193146688,False
Chicago,2021-07-10,13,7.168931535021014,2.3002199390931723,False
Chicago,2021-07-17,4,4.487551154431565,0.35924616360297057,False
Chicago,2021-07-17,8,5.707508183086694,1.0700979477654684,False
Chicago,2021-07-17,13,5.608940267895479,2.9099488810119403,False
Chicago,2021-07-24,4,4.205496277159053,0.24387787154658844,False
Chicago,2021-07-24,8,4.606391950778745,1.7178804767562579,False
Chicago,2021-07-24,13,4.0446679166223,3.978807865516905,False
Chicago,2021-07-31,4,3.017676237060285,1.1229192702515929,False
Chicago,2021-07-31,8,2.765047566955219,3.0450334890539295,False
Chicago,2021-07-31,13,2.3192808327325976,5.365477171329576,False
Chicago,2021-08-07,4,1.4926671549164947,2.3356423106861217,False
Chicago,2021-08-07,8,0.9028845769401106,4.281134839119748,False
Chicago,2021-08-07,13,1.9062572739108343,6.866191137209493,False
Chicago,2021-08-14,4,0.5007955043354579,2.6759922959852593,False
Chicago,2021-08-14,8,0.7695171127230829,4.516660103528905,False
Chicago,2021-08-14,13,3.1390994883041214,7.810897799264399,False
Chicago,2021-08-21,4,0.6934643778803177,2.8304947213400724,False
Chicago,2021-08-21,8,1.381437890291236,4.525167899999605,False
Chicago,2021-08-21,13,4.826192439648548,8.654123309643122,False
Chicago,2021-08-28,4,1.202074026662426,2.388423980554149,False
Chicago,2021-08-28,8,2.1111525461743663,3.447453217897447,False
Chicago,2021-08-28,13,6.8508279189234775,8.127413479663339,False
Chicago,2021-09-04,4,1.0628781891167167,0.5284057680554208,False
Chicago,2021-09-04,8,2.452888151147168,0.697997360456226,False
Chicago,2021-09-04,13,8.703103893671129,3.3722357110806214,False
Chicago,2021-09-11,4,0.45658935993591176,2.1734678972340675,False
Chicago,2021-09-11,8,2.692854311314175,3.2458539779805284,False
Chicago,2021-09-11,13,10.638198436681618,3.6441048838137173,False
Chicago,2021-09-18,4,0.8497889240330366,0.7138699076979936,False
Chicago,2021-09-18,8,4.049980706883498,1.214851991809035,False
Chicago,2021-09-18,13,13.973689074641731,7.006560665383439,False
Chicago,2021-09-25,4,1.3077719574477942,1.0017314107049011,False
Chicago,2021-09-25,8,5.701428987245661,4.544884190603163,False
Chicago,2021-09-25,13,17.69286158440453,14.704667727657345,False
Chicago,2021-10-02,4,2.495341003922796,2.2281382670129704,False
Chicago,2021-10-02,8,8.373567019031139,7.53644524624394,False
Chicago,2021-10-02,13,22.443548694192195,20.036588483265692,False
Chicago,2021-10-09,4,4.0965568238519605,3.734289422745698,False
Chicago,2021-10-09,8,11.612393067095681,10.071189662671044,False
Chicago,2021-10-09,13,27.66668510817266,23.745848066126754,False
Chicago,2021-10-16,4,5.1434658205556705,2.8828762444778144,False
Chicago,2021-10-16,8,14.377676513175128,8.350939056676616,False
Chicago,2021-10-16,13,31.939170427281983,18.741943798304483,False
Chicago,2021-10-23,4,6.827477772136301,3.1142335324167347,False
Chicago,2021-10-23,8,17.884285829044984,9.087245024986466,False
Chicago,2021-10-23,13,36.187905942517,19.076964018404514,False
Chicago,2021-10-30,4,8.678334634097759,1.9852553994819357,False
Chicago,2021-10-30,8,21.113585029440067,7.424365432089262,False
Chicago,2021-10-30,13,39.29845567166394,17.386406370474663,False
Chicago,2021-11-06,4,10.716249289146,2.678224626596854,False
Chicago,2021-11-06,8,24.39247470238614,9.278816430152096,False
Chicago,2021-11-06,13,41.54188098415384,18.93308527936517,False
Chicago,2021-11-13,4,12.843216594107298,5.123131094939192,False
Chicago,2021-11-13,8,27.546563148932524,13.587757050985372,False
Chicago,2021-11-13,13,43.01433932014802,22.762323162614692,False
Dallas,2021-05-01,4,1.9439377482731883,0.41714094433048504,False
Dallas,2021-05-01,8,4.439429128567643,0.6115626648134697,False
Dallas,2021-05-01,13,9.158079866160838,2.1212075831797574,False
Dallas,2021-05-08,4,2.0189907326448777,1.1189020689072924,False
Dallas,2021-05-08,8,5.189495205808099,2.9040072182226857,False
Dallas,2021-05-08,13,10.115525336785293,6.143754702973562,False
Dallas,2021-05-15,4,2.290611870066562,1.5934778670753906,False
Dallas,2021-05-15,8,6.121928862523192,4.265878056459314,False
Dallas,2021-05-15,13,11.137063892758785,7.8209610826185685,False
Dallas,2021-05-22,4,2.879739399733489,2.050304172132973,False
Dallas,2021-05-22,8,7.240725786452922,4.986928790447934,False
Dallas,2021-05-22,13,12.161813173729838,8.321813364649595,False
Dallas,2021-05-29,4,3.928143852895856,2.8901415457236337,False
Dallas,2021-05-29,8,8.466917621998862,5.997444290281898,False
Dallas,2021-05-29,13,13.099775900049556,8.902387906534942,False
Dallas,2021-06-05,4,5.146523140173553,3.421559690276979,False
Dallas,2021-06-05,8,9.649396193222124,5.958213158344152,False
Dallas,2021-06-05,13,13.76491034167065,7.8194694074395885,False
Dallas,2021-06-12,4,6.056817323315109,3.322566121552545,False
Dallas,2021-06-12,8,10.43682849343741,5.447694536133222,False
Dallas,2021-06-12,13,13.82416330170254,6.1106648585167775,False
Dallas,2021-06-19,4,6.538849645442317,2.6313034320542066,False
Dallas,2021-06-19,8,10.689031220985386,4.22673576143811,False
Dallas,2021-06-19,13,13.199574664313603,3.7661823838019166,False
Dallas,2021-06-26,4,5.991693199185782,0.8395833675189233,False
Dallas,2021-06-26,8,9.874009574501077,1.5048705666715951,False
Dallas,2021-06-26,13,11.485821163951595,2.9018898992425477,False
Dallas,2021-07-03,4,5.730797152208898,2.2831611048736424,False
Dallas,2021-07-03,8,9.101652461555522,3.135718078911856,False
Dallas,2021-07-03,13,9.774503453478403,3.616343686707029,False
Dallas,2021-07-10,4,5.733624083306308,2.643875622919146,False
Dallas,2021-07-10,8,8.288536262385312,2.414759919577007,False
Dallas,2021-07-10,13,8.03990225373951,4.620699760459527,False
Dallas,2021-07-17,4,5.425652032086836,0.796596297583894,False
Dallas,2021-07-17,8,6.941367140873002,2.140245204240659,False
Dallas,2021-07-17,13,5.8534341767333515,7.553195876049269,False
Dallas,2021-07-24,4,4.931627752385058,0.4287271788054555,False
Dallas,2021-07-24,8,5.338513566618648,3.4022613664830494,False
Dallas,2021-07-24,13,3.9993440458991967,9.991046753604014,False
Dallas,2021-07-31,4,3.7385547166886592,1.708645146856972,False
Dallas,2021-07-31,8,3.1411766343466865,6.4226922323604665,False
Dallas,2021-07-31,13,3.2237303775348463,14.148628399220739,False
Dallas,2021-08-07,4,2.0842739124283995,2.806622105736909,False
Dallas,2021-08-07,8,1.6601591847336477,8.109991255515997,False
Dallas,2021-08-07,13,3.7883448710718777,16.08443189700017,False
Dallas,2021-08-14,4,0.650873361473618,2.859605574629188,False
Dallas,2021-08-14,8,2.1740419577025243,7.760237993943784,False
Dallas,2021-08-14,13,5.441000698473609,14.988479857850004,False
Dallas,2021-08-21,4,1.1269702056581115,3.3998704439559955,False
Dallas,2021-08-21,8,3.4888587222286533,8.097503980808098,False
Dallas,2021-08-21,13,7.293089210315099,14.771458670989274,False
Dallas,2021-08-28,4,2.112075690564183,3.915043663942705,False
Dallas,2021-08-28,8,4.813894130013141,8.400886500674117,False
Dallas,2021-08-28,13,9.165850432645039,15.171455761494387,False
Dallas,2021-09-04,4,2.78067189650584,2.550616624840885,False
Dallas,2021-09-04,8,5.656792468330581,6.384159413545381,False
Dallas,2021-09-04,13,10.731417806830473,13.056306543247786,False
Dallas,2021-09-11,4,2.9761888568951993,1.899012802202232,False
Dallas,2021-09-11,8,5.980741665600904,5.902786587438648,False
Dallas,2021-09-11,13,11.966498281514184,13.641766375064805,False
Dallas,2021-09-18,4,3.1914784194176358,1.651996829153185,False
Dallas,2021-09-18,8,6.340566404083658,4.961133939921085,False
Dallas,2021-09-18,13,13.47293506019871,12.550911724056027,False
Dallas,2021-09-25,4,3.655352160395811,2.2269959737031497,False
Dallas,2021-09-25,8,6.969337795425648,5.48439784316402,False
Dallas,2021-09-25,13,15.486537784675075,14.18786927001966,False
Dallas,2021-10-02,4,3.681825847649472,1.0511415970917017,False
Dallas,2021-10-02,8,7.599241691896172,4.004501146052549,False
Dallas,2021-10-02,13,17.617063744429714,13.184271643684568,False
Dallas,2021-10-09,4,3.7536153539541623,1.4522994494589248,False
Dallas,2021-10-09,8,8.609289335949862,5.522739395582551,False
Dallas,2021-10-09,13,20.281192828343066,16.772225461758726,False
Dallas,2021-10-16,4,3.8465057795700086,2.4045617091870337,False
Dallas,2021-10-16,8,9.859935105888068,8.286630552238492,False
Dallas,2021-10-16,13,23.150000539055384,22.088075473315662,False
Dallas,2021-10-23,4,4.051462950525753,1.8689015989456645,False
Dallas,2021-10-23,8,11.53890389696878,8.32989951465265,False
Dallas,2021-10-23,13,25.89072093593278,22.226224103867633,False
Dallas,2021-10-30,4,5.300640488614292,3.3682324654325226,False
Dallas,2021-10-30,8,13.97283157200656,11.147864380119296,False
Dallas,2021-10-30,13,28.61712964036691,25.39695803134502,False
Dallas,2021-11-06,4,7.036885950012656,3.795315793009709,False
Dallas,2021-11-06,8,17.08415961339977,11.891207743964696,False
Dallas,2021-11-06,13,31.072865356869283,24.374974343329633,False
Dallas,2021-11-13,4,8.79736638899924,2.9454235480794324,False
Dallas,2021-11-13,8,20.320183161345838,10.276052941004215,False
Dallas,2021-11-13,13,32.807948905124455,19.546036860596512,False
Detroit,2021-05-01,4,5.900853646412487,1.6575403512562932,False
Detroit,2021-05-01,8,11.191566900177682,4.454545755335888,False
Detroit,2021-05-01,13,17.801246512756997,8.912900574128997,False
Detroit,2021-05-08,4,6.280406313790254,2.622514744163568,False
Detroit,2021-05-08,8,11.974724381482128,6.018298490060047,False
Detroit,2021-05-08,13,18.584208688130815,10.569185688062674,False
Detroit,2021-05-15,4,6.837744993906244,4.062841913329741,False
Detroit,2021-05-15,8,12.683671735175428,7.530309952852739,False
Detroit,2021-05-15,13,19.288506809683966,11.856781000244343,False
Detroit,2021-05-22,4,6.685982618644946,2.4200150500632485,False
Detroit,2021-05-22,8,12.780145854920349,5.295322853245382,False
Detroit,2021-05-22,13,19.335894227223054,8.461161678569168,False
Detroit,2021-05-29,4,7.638445170244154,4.053017847331818,False
Detroit,2021-05-29,8,13.559694672248481,7.057965118086193,False
Detroit,2021-05-29,13,19.937670566466835,10.160975358527535,False
Detroit,2021-06-05,4,8.552501284458648,4.5033383620927285,False
Detroit,2021-06-05,8,14.23807362364495,7.091107152286735,False
Detroit,2021-06-05,13,20.26123929915527,10.328189635552926,False
Detroit,2021-06-12,4,8.35354497715373,1.8073768409255322,False
Detroit,2021-06-12,8,14.111937595075725,3.675203926419029,False
Detroit,2021-06-12,13,19.64686132122278,5.926173863897851,False
Detroit,2021-06-19,4,8.71564956588973,3.3773590155549296,False
Detroit,2021-06-19,8,14.33735763026745,5.524986448060232,False
Detroit,2021-06-19,13,19.26052539721395,7.309540179792884,False
Detroit,2021-06-26,4,7.5625007777275215,1.144379466185615,False
Detroit,2021-06-26,8,13.223022549476731,1.4994373009534478,False
Detroit,2021-06-26,13,17.520269265226414,2.0845571184301894,False
Detroit,2021-07-03,4,7.314876251145821,1.8840056364497328,False
Detroit,2021-07-03,8,12.749993832234097,4.145842635065328,False
Detroit,2021-07-03,13,16.287183704848566,4.635532203791259,False
Detroit,2021-07-10,4,8.274611160780724,4.115029785997307,False
Detroit,2021-07-10,8,12.98778742074489,6.545026673685447,False
Detroit,2021-07-10,13,15.669341679693172,6.980112243425515,False
Detroit,2021-07-17,4,7.893647625283778,2.1065368832725797,False
Detroit,2021-07-17,8,11.874395736229742,3.2281037307172826,False
Detroit,2021-07-17,13,13.730443074584825,2.722195759478007,False
Detroit,2021-07-24,4,7.977130112315145,1.984401254681998,False
Detroit,2021-07-24,8,11.060045181831027,2.4861249793143987,False
Detroit,2021-07-24,13,12.050497737071868,2.1244985862256645,False
Detroit,2021-07-31,4,6.936183667001461,0.5994677739160792,False
Detroit,2021-07-31,8,9.083026150676385,0.6590341060070319,False
Detroit,2021-07-31,13,9.264830942197793,1.950548688134244,False
Detroit,2021-08-07,4,5.1577504420647635,0.5715565964929399,False
Detroit,2021-08-07,8,6.522565964983378,0.7941162052397872,False
Detroit,2021-08-07,13,5.982236526278529,2.3536505169789828,False
Detroit,2021-08-14,4,4.238380473531435,0.9060504074718821,False
Detroit,2021-08-14,8,4.876455354355914,0.7045212135165615,False
Detroit,2021-08-14,13,3.7740188121963865,1.9004940961048065,False
Detroit,2021-08-21,4,2.989613462550076,0.17183985794801543,False
Detroit,2021-08-21,8,2.9136910805293743,0.6316134480516983,False
Detroit,2021-08-21,13,2.778977974622263,2.3927996054138108,False
Detroit,2021-08-28,4,1.502023567764249,1.5603396014951765,False
Detroit,2021-08-28,8,1.2170865460839841,2.783419181641734,False
Detroit,2021-08-28,13,3.322920634034787,5.5580449077074086,False
Detroit,2021-09-04,4,0.6158296881977207,0.7779383330736145,False
Detroit,2021-09-04,8,1.2154774089395872,1.1192518602295347,False
Detroit,2021-09-04,13,5.006902697685348,1.7553983710692806,False
Detroit,2021-09-11,4,0.2957930351275878,0.6415015470734196,False
Detroit,2021-09-11,8,1.8816113054648296,1.7639785397328869,False
Detroit,2021-09-11,13,7.319483721142758,5.521545978739799,False
Detroit,2021-09-18,4,0.9840724935852134,1.474291325876904,False
Detroit,2021-09-18,8,3.101359245867121,3.207355677505251,False
Detroit,2021-09-18,13,10.25785946423788,9.999288743666861,False
Detroit,2021-09-25,4,1.3842780666436665,0.2538726663381421,False
Detroit,2021-09-25,8,4.063066022035128,1.2563148155423425,False
Detroit,2021-09-25,13,12.925128536901163,7.271450910537386,False
Detroit,2021-10-02,4,2.2504805678072297,1.868581567240385,False
Detroit,2021-10-02,8,5.739068867436104,4.406259023121746,False
Detroit,2021-10-02,13,16.32218858750657,13.836786902903334,False
Detroit,2021-10-09,4,2.8804913348501824,2.2550624428407864,False
Detroit,2021-10-09,8,7.74826611087914,6.240454396581568,False
Detroit,2021-10-09,13,19.857453318125085,16.971135976355292,False
Detroit,2021-10-16,4,3.0294800439416347,0.5027507366694389,False
Detroit,2021-10-16,8,9.678821723473428,2.62985860298154,False
Detroit,2021-10-16,13,22.991292938853274,9.745027219230153,False
Detroit,2021-10-23,4,3.7782025401460686,0.3960637579729007,False
Detroit,2021-10-23,8,12.21564343003245,4.814249377912891,False
Detroit,2021-10-23,13,26.31390746869294,12.791579452066593,False
Detroit,2021-10-30,4,4.794062226704407,1.4342162976297819,False
Detroit,2021-10-30,8,14.6796690592979,6.469974335530742,False
Detroit,2021-10-30,13,28.978204929101015,14.483432794430353,False
Detroit,2021-11-06,4,7.733192675019717,5.103319048623877,False
Detroit,2021-11-06,8,18.770220360901135,13.384651345382807,False
Detroit,2021-11-06,13,32.73554464699759,23.5508491117323,False
Detroit,2021-11-13,4,10.646526348036788,5.9964896047552445,False
Detroit,2021-11-13,8,22.32409920471686,12.535650379414761,False
Detroit,2021-11-13,13,35.40739190298016,18.165437849460783,False
Houston,2021-05-01,4,1.497642578827487,1.526437722773094,False
Houston,2021-05-01,8,4.436522610202324,4.2181691060438125,False
Houston,2021-05-01,13,9.268503819020651,8.516677934197228,False
Houston,2021-05-08,4,1.8991003119502545,2.3547051711901434,False
Houston,2021-05-08,8,5.655751717373255,5.829552416321613,False
Houston,2021-05-08,13,10.490890026749987,10.097113270921028,False
Houston,2021-05-15,4,2.569553617223045,2.645002278980346,False
Houston,2021-05-15,8,6.906900474895789,6.528862034097668,False
Houston,2021-05-15,13,11.670702929135915,10.62690321475923,False
Houston,2021-05-22,4,3.4121107103362385,2.4801536800345696,False
Houston,2021-05-22,8,8.076876249971738,6.2228729813492105,False
Houston,2021-05-22,13,12.631663335019065,9.530583112419034,False
Houston,2021-05-29,4,4.88741083635542,3.8756822983200268,False
Houston,2021-05-29,8,9.418022363213241,7.199619613604905,False
Houston,2021-05-29,13,13.616350141927475,10.046195973608445,False
Houston,2021-06-05,4,6.148916463759329,3.462634799930779,False
Houston,2021-06-05,8,10.292044440346048,5.212922197093378,False
Houston,2021-06-05,13,14.001945040045161,5.786833255458097,False
Houston,2021-06-12,4,6.619454061486002,3.2945039463333927,False
Houston,2021-06-12,8,10.487996682947218,4.597949737685087,False
Houston,2021-06-12,13,13.552703148672462,4.568586170190709,False
Houston,2021-06-19,4,6.584043452625653,2.625039955302683,False
Houston,2021-06-19,8,10.149849093228639,3.297853756164021,False
Houston,2021-06-19,13,12.467809664910353,2.937295654340443,False
Houston,2021-06-26,4,5.528103846456514,0.7839555880594907,False
Houston,2021-06-26,8,8.851598848199513,0.7857262599141484,False
Houston,2021-06-26,13,10.379353881654644,3.2829743335498027,False
Houston,2021-07-03,4,4.647487788990059,1.2555559290321225,False
Houston,2021-07-03,8,7.6467630881383695,1.2810847079180614,False
Houston,2021-07-03,13,8.329037122985993,3.8021109721433617,False
Houston,2021-07-10,4,4.9300195991014695,3.0475510638759493,False
Houston,2021-07-10,8,7.257254333057029,2.4218547904621723,False
Houston,2021-07-10,13,7.053693508372752,4.592494055047804,False
Houston,2021-07-17,4,4.601384929815191,0.3676843865372367,False
Houston,2021-07-17,8,6.115109861573541,2.472902568052401,False
Houston,2021-07-17,13,5.09462312465042,8.448051820143588,False
Houston,2021-07-24,4,4.238570295484315,0.508432245734612,False
Houston,2021-07-24,8,4.847388616913602,3.365050796483521,False
Houston,2021-07-24,13,3.5533936417795573,9.679894210816387,False
Houston,2021-07-31,4,3.473750752012762,1.219114024842921,False
Houston,2021-07-31,8,3.1232671984247546,4.8198239113085855,False
Houston,2021-07-31,13,2.968521214515396,11.33078702562639,False
Houston,2021-08-07,4,1.955758752378068,3.297822806691577,False
Houston,2021-08-07,8,1.6425057241387293,8.153395954001105,False
Houston,2021-08-07,13,3.353292816055891,15.273853778471919,False
Houston,2021-08-14,4,0.6792013955598875,2.4723464317646022,False
Houston,2021-08-14,8,1.9015279657879456,7.117815922604712,False
Houston,2021-08-14,13,4.516920939081796,13.376942599749231,False
Houston,2021-08-21,4,0.7051936213791083,2.7219496269920285,False
Houston,2021-08-21,8,2.980150891582555,7.029588429766595,False
Houston,2021-08-21,13,5.990673995750442,12.373325720436993,False
Houston,2021-08-28,4,1.694000638111872,3.7289339539264046,False
Houston,2021-08-28,8,4.282881427276218,7.768121602402607,False
Houston,2021-08-28,13,7.670949254908383,12.859236772485916,False
Houston,2021-09-04,4,2.667928843657762,2.854871514278994,False
Houston,2021-09-04,8,5.253771401204641,5.790121221550525,False
Houston,2021-09-04,13,9.006171974683602,10.068284956358774,False
Houston,2021-09-11,4,3.2150281364899045,1.7534909257175997,False
Houston,2021-09-11,8,5.682898309691007,4.023842356427862,False
Houston,2021-09-11,13,9.914238755054042,8.289331259209792,False
Houston,2021-09-18,4,3.506136274221837,1.1637277448645678,False
Houston,2021-09-18,8,5.853312773861656,2.3639778615754006,False
Houston,2021-09-18,13,10.741899155080185,6.23826787669677,False
Houston,2021-09-25,4,3.225902661915318,0.3856078498913499,False
Houston,2021-09-25,8,5.64507640560243,0.48412419720551086,False
Houston,2021-09-25,13,11.308597230553987,3.8075652349165283,False
Houston,2021-10-02,4,2.964820490293053,0.2419210221166132,False
Houston,2021-10-02,8,5.763289994226511,1.417279786679496,False
Houston,2021-10-02,13,12.282037499479774,6.346072590816257,False
Houston,2021-10-09,4,2.657591081874496,0.3324799569308517,False
Houston,2021-10-09,8,5.991812072195655,2.4547679849871433,False
Houston,2021-10-09,13,13.407264942881755,8.675442668080738,False
Houston,2021-10-16,4,2.5707246081200306,1.4969961509830458,False
Houston,2021-10-16,8,6.63404272515039,5.220413972843513,False
Houston,2021-10-16,13,14.7404388377173,13.124185824182874,False
Houston,2021-10-23,4,3.1220530566219886,2.489743357123434,False
Houston,2021-10-23,8,8.091949587892747,7.033358314781045,False
Houston,2021-10-23,13,16.413288437446656,15.287909007861192,False
Houston,2021-10-30,4,3.849111315354601,1.1511286752996799,False
Houston,2021-10-30,8,9.480478532433349,5.1845074140341865,False
Houston,2021-10-30,13,17.506326253937836,12.056064058185251,False
Houston,2021-11-06,4,4.784104674849106,1.898644274214075,False
Houston,2021-11-06,8,11.3387876767774,6.322070853024229,False
Houston,2021-11-06,13,18.473990852732626,11.531341636404287,False
Houston,2021-11-13,4,5.946912451966764,2.7687528530668897,False
Houston,2021-11-13,8,13.255086690071371,8.068710211198567,False
Houston,2021-11-13,13,19.277867500663987,12.352882032229452,False
Los Angeles,2021-05-01,4,0.2038938630510865,0.2196879078321114,False
Los Angeles,2021-05-01,8,1.1603332079890796,1.0137048888384157,False
Los Angeles,2021-05-01,13,3.5668251819575967,3.327082595454468,False
Los Angeles,2021-05-08,4,0.3699211770991727,0.4656353910187145,False
Los Angeles,2021-05-08,8,1.7936496431395375,1.8725076923755586,False
Los Angeles,2021-05-08,13,4.460635348413548,4.505621141479561,False
Los Angeles,2021-05-15,4,1.1017161292028295,1.3917914273157095,False
Los Angeles,2021-05-15,8,2.9157358700267104,3.1112655600903754,False
Los Angeles,2021-05-15,13,5.7499433122047,5.8959797348954925,False
Los Angeles,2021-05-22,4,1.1196285986267422,1.205456761081713,False
Los Angeles,2021-05-22,8,3.2831960922941077,3.1919962254800898,False
Los Angeles,2021-05-22,13,6.0973630936606025,5.959657152570783,False
Los Angeles,2021-05-29,4,1.8959951750860835,2.2749030893302,False
Los Angeles,2021-05-29,8,4.1865386815192505,4.299228292342907,False
Los Angeles,2021-05-29,13,6.789760721908486,6.7065876981352375,False
Los Angeles,2021-06-05,4,2.570080960353305,2.2379111595853987,False
Los Angeles,2021-06-05,8,5.014454716974408,4.349733984315211,False
Los Angeles,2021-06-05,13,7.1738717043267775,6.265522096700734,False
Los Angeles,2021-06-12,4,2.7860945368491623,2.3267838835172503,False
Los Angeles,2021-06-12,8,5.41533115475045,4.726217996613744,False
Los Angeles,2021-06-12,13,6.928153269825185,5.85427941413815,False
Los Angeles,2021-06-19,4,3.2391765510954267,3.130393706145888,False
Los Angeles,2021-06-19,8,5.778641392744624,5.554521002525537,False
Los Angeles,2021-06-19,13,6.536276123792338,6.215456105959545,False
Los Angeles,2021-06-26,4,2.808927237600446,1.5699897337868898,False
Los Angeles,2021-06-26,8,5.1213526617465925,3.421414212985784,False
Los Angeles,2021-06-26,13,5.10551306081805,3.1369330238267006,False
Los Angeles,2021-07-03,4,3.2958461316568792,2.9098903567163656,False
Los Angeles,2021-07-03,8,5.039537181278162,4.30376285824113,False
Los Angeles,2021-07-03,13,4.209279995384607,3.5279251310259356,False
Los Angeles,2021-07-10,4,3.8859993523416367,2.884052902377886,False
Los Angeles,2021-07-10,8,4.8054773627194685,3.160331796768223,False
Los Angeles,2021-07-10,13,3.5594742187963795,3.192582098294959,False
Los Angeles,2021-07-17,4,3.377338613479633,0.8807948909963661,False
Los Angeles,2021-07-17,8,3.415919013517441,1.1010439876506695,False
Los Angeles,2021-07-17,13,2.9978454054317205,4.129791189581823,False
Los Angeles,2021-07-24,4,2.615752768940366,0.8384742250313888,False
Los Angeles,2021-07-24,8,2.1080982866138975,1.4437438571142835,False
Los Angeles,2021-07-24,13,3.28217563915812,4.430528415580066,False
Los Angeles,2021-07-31,4,1.1423818350672414,2.0709143783808517,False
Los Angeles,2021-07-31,8,1.7778610840843252,5.538714407117517,False
Los Angeles,2021-07-31,13,4.3476490781088835,10.538816978550784,False
Los Angeles,2021-08-07,4,0.3001275883120875,2.3744947487167414,False
Los Angeles,2021-08-07,8,2.6232056243652946,5.982479797781429,False
Los Angeles,2021-08-07,13,5.928118849793365,10.606882022328623,False
Los Angeles,2021-08-14,4,1.0354861691078645,1.9888836072303246,False
Los Angeles,2021-08-14,8,3.732181778117953,5.69636067475396,False
Los Angeles,2021-08-14,13,7.38080249705573,10.491847463648641,False
Los Angeles,2021-08-21,4,2.126149191588325,2.873945064209993,False
Los Angeles,2021-08-21,8,4.879843537842158,6.324391215067237,False
Los Angeles,2021-08-21,13,8.930973514156303,11.35999961375893,False
Los Angeles,2021-08-28,4,3.3766846390506524,3.8194414297020156,False
Los Angeles,2021-08-28,8,6.074563047690222,7.008811916638724,False
Los Angeles,2021-08-28,13,10.834204842818659,12.456855371275534,False
Los Angeles,2021-09-04,4,4.024123859716153,3.6218401631180113,False
Los Angeles,2021-09-04,8,6.697408907707277,6.401661966876978,False
Los Angeles,2021-09-04,13,12.399531516174116,12.15287274798196,False
Los Angeles,2021-09-11,4,3.475682915083474,1.6047078358084703,False
Los Angeles,2021-09-11,8,6.276257526790535,4.317857426103612,False
Los Angeles,2021-09-11,13,13.25663715123418,11.180016886083619,False
Los Angeles,2021-09-18,4,2.9635035564337926,1.6531639381861085,False
Los Angeles,2021-09-18,8,6.046194261019449,4.445782259674516,False
Los Angeles,2021-09-18,13,14.70779355263572,12.823034629992971,False
Los Angeles,2021-09-25,4,2.933406178724096,1.8222657523927723,False
Los Angeles,2021-09-25,8,6.492994915535104,5.002373901900151,False
Los Angeles,2021-09-25,13,17.137393745073524,15.266936138194065,False
Los Angeles,2021-10-02,4,3.1907570864178574,2.105533675122165,False
Los Angeles,2021-10-02,8,7.665124806345242,6.09826286669687,False
Los Angeles,2021-10-02,13,20.61855159227842,18.5583369108859,False
Los Angeles,2021-10-09,4,3.731027012414223,2.7852447454349463,False
Los Angeles,2021-10-09,8,9.541015169242092,8.192948506649145,False
Los Angeles,2021-10-09,13,24.93872824667559,23.169886703318383,False
Los Angeles,2021-10-16,4,4.146648665795309,2.737053983151848,False
Los Angeles,2021-10-16,8,11.679571000127972,9.99635058509818,False
Los Angeles,2021-10-16,13,28.991700170504192,27.039452150289282,False
Los Angeles,2021-10-23,4,4.832172553798385,3.2613361613669594,False
Los Angeles,2021-10-23,8,14.426975242437637,12.456056162105035,False
Los Angeles,2021-10-23,13,32.388307927280025,30.097858773276208,False
Los Angeles,2021-10-30,4,6.16031860653095,4.255103607771693,False
Los Angeles,2021-10-30,8,17.506737270406937,15.385555695447906,False
Los Angeles,2021-10-30,13,34.54687806227659,32.61039107865101,False
Los Angeles,2021-11-06,4,8.587636366664535,6.848677005285682,False
Los Angeles,2021-11-06,8,22.10300867965466,20.140758023503317,False
Los Angeles,2021-11-06,13,36.34736877904486,34.53342990841903,False
Los Angeles,2021-11-13,4,11.338299879632272,8.928267250949368,False
Los Angeles,2021-11-13,8,26.834880643509283,24.120164771435597,False
Los Angeles,2021-11-13,13,36.97201879867065,34.42092786868554,False
Miami,2021-05-01,4,4.280200974075558,0.5101172269269957,False
Miami,2021-05-01,8,6.2382703193542195,1.1571978969643415,False
Miami,2021-05-01,13,7.826634091480863,1.0805524977686005,False
Miami,2021-05-08,4,3.6023108201554574,1.4548182160868166,False
Miami,2021-05-08,8,5.278083122848207,3.5479799413490603,False
Miami,2021-05-08,13,6.343698502610937,5.852878962554678,False
Miami,2021-05-15,4,2.4519387671118733,2.593001268437841,False
Miami,2021-05-15,8,4.124847019459811,5.469447829401393,False
Miami,2021-05-15,13,4.66596789725594,8.78975148545337,False
Miami,2021-05-22,4,2.2684814384924987,1.3278482169848367,False
Miami,2021-05-22,8,3.74923376137519,2.838622926010697,False
Miami,2021-05-22,13,3.907164686161386,4.777919046306138,False
Miami,2021-05-29,4,1.7638606154181453,1.0476865945864289,False
Miami,2021-05-29,8,2.8905957955790025,2.5223254730365534,False
Miami,2021-05-29,13,2.8507497026904685,4.71279589313951,False
Miami,2021-06-05,4,1.765795274302027,0.5488742766040817,False
Miami,2021-06-05,8,2.4154001250900903,1.903267380179875,False
Miami,2021-06-05,13,2.317281330330662,3.393093510702828,False
Miami,2021-06-12,4,2.349452219137829,1.4404859238450913,False
Miami,2021-06-12,8,2.311755754987046,0.9978729524433381,False
Miami,2021-06-12,13,2.313330715859784,1.0635733387904764,False
Miami,2021-06-19,4,1.6936847368912051,0.4158735369837093,False
Miami,2021-06-19,8,1.181675045855835,1.8828000765777908,False
Miami,2021-06-19,13,1.4041237415332803,2.317712115881182,False
Miami,2021-06-26,4,0.8697181990930793,0.9926557912628737,False
Miami,2021-06-26,8,0.6509588067100281,2.922385985363087,False
Miami,2021-06-26,13,0.9814137583601281,3.3242863916435432,False
Miami,2021-07-03,4,0.5428442415561755,1.2923489635203809,False
Miami,2021-07-03,8,0.7513126187366326,2.5145850649863086,False
Miami,2021-07-03,13,1.1259628082563866,2.3391469783950942,False
Miami,2021-07-10,4,1.171703663580317,2.413935924161719,False
Miami,2021-07-10,8,1.3202586229964877,3.2961897229284496,False
Miami,2021-07-10,13,1.458030047947393,2.757129403725306,False
Miami,2021-07-17,4,1.3118584445034844,1.3730847729359044,False
Miami,2021-07-17,8,1.0873328756891092,1.38761391518821,False
Miami,2021-07-17,13,1.7278413956451275,3.5516136906367963,False
Miami,2021-07-24,4,0.8525079712006535,0.2236206239226212,False
Miami,2021-07-24,8,0.8466052669876063,2.1978657202858223,False
Miami,2021-07-24,13,2.164195645888038,6.493837853691914,False
Miami,2021-07-31,4,0.3460255632242333,0.863327377850065,False
Miami,2021-07-31,8,1.1808552679090252,3.6041844295346106,False
Miami,2021-07-31,13,2.9626372656907587,9.089680013937182,False
Miami,2021-08-07,4,0.5317052450815296,1.8019580281418042,False
Miami,2021-08-07,8,1.929775600767216,5.581292812105914,False
Miami,2021-08-07,13,3.975268171419713,13.387139901818154,False
Miami,2021-08-14,4,1.1733019433246645,2.2623977570025535,False
Miami,2021-08-14,8,2.676574425436214,5.158432507567174,False
Miami,2021-08-14,13,4.918186929015059,11.085380899984314,False
Miami,2021-08-21,4,1.4176356075874617,2.0332602527692694,False
Miami,2021-08-21,8,2.9919067303877145,4.476561540126485,False
Miami,2021-08-21,13,5.406843217918073,9.25734580259608,False
Miami,2021-08-28,4,1.7458914255588578,2.0895792749236892,False
Miami,2021-08-28,8,3.3729417410301,4.483171150356288,False
Miami,2021-08-28,13,6.0724912310824894,9.146019467111266,False
Miami,2021-09-04,4,2.269185147369383,2.3279703466054165,False
Miami,2021-09-04,8,3.9345526997151277,4.527777762134747,False
Miami,2021-09-04,13,6.964113001276037,7.779768362014374,False
Miami,2021-09-11,4,1.8207832636872117,1.7011506353135784,False
Miami,2021-09-11,8,3.649434755642468,3.470688672446075,False
Miami,2021-09-11,13,7.086015727591811,6.731707132217856,False
Miami,2021-09-18,4,1.9257049679696543,1.578268245895594,False
Miami,2021-09-18,8,3.9116728501791065,3.5307096297122365,False
Miami,2021-09-18,13,7.858342228742804,7.446972988866419,False
Miami,2021-09-25,4,1.9547486673916747,1.2436916431593694,False
Miami,2021-09-25,8,4.097196717274841,3.2379890301288095,False
Miami,2021-09-25,13,8.582632490053687,7.608064729666089,False
Miami,2021-10-02,4,2.05270417308585,1.6090373996639193,False
Miami,2021-10-02,8,4.514805356813999,3.634377053918455,False
Miami,2021-10-02,13,9.518447276892726,8.260345588713818,False
Miami,2021-10-09,4,2.573025845101025,2.298883590010016,False
Miami,2021-10-09,8,5.454133191640657,4.724549884857635,False
Miami,2021-10-09,13,10.948183649657253,9.83944282149422,False
Miami,2021-10-16,4,2.68807796721796,2.1479017659601856,False
Miami,2021-10-16,8,6.080238287999142,5.010659104560196,False
Miami,2021-10-16,13,11.936612993489165,10.371096521494437,False
Miami,2021-10-23,4,2.785360362286255,1.4479209746323358,False
Miami,2021-10-23,8,6.808155552900177,4.813816268624807,False
Miami,2021-10-23,13,12.79980197165201,10.24137386313051,False
Miami,2021-10-30,4,3.1618908164558763,1.6423433574414397,False
Miami,2021-10-30,8,7.513979238011281,5.151469011206642,False
Miami,2021-10-30,13,13.441447418917821,10.313360679649383,False
Miami,2021-11-06,4,3.997521303590633,2.2313153077512435,False
Miami,2021-11-06,8,8.734617152085974,6.119231904572615,False
Miami,2021-11-06,13,14.264853901060373,10.93267988958663,False
Miami,2021-11-13,4,4.913438059069463,2.7351756423401454,False
Miami,2021-11-13,8,9.961196179606564,6.718459722209519,False
Miami,2021-11-13,13,14.985698704913721,10.779723602230234,False
New York,2021-05-01,4,3.2692374865102085,1.5647959254119677,False
New York,2021-05-01,8,5.461838646696542,2.2260015089019283,False
New York,2021-05-01,13,7.169435695597135,3.2290314830591007,False
New York,2021-05-08,4,2.9462641773763503,0.8544373166171815,False
New York,2021-05-08,8,5.063204345273016,0.9934460752693965,False
New York,2021-05-08,13,6.483491762902556,1.705981317552981,False
New York,2021-05-15,4,3.007400519185936,0.36531407953323286,False
New York,2021-05-15,8,4.855781320285914,0.6050414475802915,False
New York,2021-05-15,13,6.033262893028463,0.5636243704354461,False
New York,2021-05-22,4,2.6018962216199535,1.1944792522238554,False
New York,2021-05-22,8,4.179969361066457,2.146096406446766,False
New York,2021-05-22,13,5.122264798958872,3.7653726463033443,False
New York,2021-05-29,4,2.9004734986211593,0.20086274001627555,False
New York,2021-05-29,8,4.01790404659598,1.105242063087677,False
New York,2021-05-29,13,4.696088510742737,2.7561341108231696,False
New York,2021-06-05,4,2.759885065927882,0.3170543769737969,False
New York,2021-06-05,8,3.515375554484685,1.2518756774544801,False
New York,2021-06-05,13,3.8408868209420786,2.717440357543698,False
New York,2021-06-12,4,2.0180698078481956,1.2931919483717158,False
New York,2021-06-12,8,2.5971815131539007,2.867638942992474,False
New York,2021-06-12,13,2.4845268383910413,5.092081663729326,False
New York,2021-06-19,4,1.6015830711999812,0.4747747665524566,False
New York,2021-06-19,8,2.0653362725673046,0.9063999459455071,False
New York,2021-06-19,13,1.811510725512277,2.1835587548230397,False
New York,2021-06-26,4,0.5845971503067131,2.139917718495717,False
New York,2021-06-26,8,1.0030042938002826,3.1929249387120775,False
New York,2021-06-26,13,1.2745794417361453,5.366360022837365,False
New York,2021-07-03,4,0.4368554056426433,0.5313291256941931,False
New York,2021-07-03,8,0.6663243811859716,0.8338895945118132,False
New York,2021-07-03,13,1.3602813131880624,2.2146712835507003,False
New York,2021-07-10,4,0.6339845470123547,0.4707226525921043,False
New York,2021-07-10,8,0.7165979953387305,0.552027286530442,False
New York,2021-07-10,13,1.554809725271534,1.4371231079951687,False
New York,2021-07-17,4,0.6210814284577381,0.12498375351550199,False
New York,2021-07-17,8,0.8902889193860635,1.120858288897829,False
New York,2021-07-17,13,1.8195104928728396,2.4946549249959022,False
New York,2021-07-24,4,0.6061094022589814,0.2486340506941377,False
New York,2021-07-24,8,1.2840760078104987,1.150813997468535,False
New York,2021-07-24,13,2.1750029169540106,1.8889991954889118,False
New York,2021-07-31,4,0.34067204677216295,0.6035987542265049,False
New York,2021-07-31,8,1.8089848088822211,2.4804015180183705,False
New York,2021-07-31,13,2.812357592172932,3.648714792893833,False
New York,2021-08-07,4,0.8704615494050718,1.1331092144431096,False
New York,2021-08-07,8,2.4693358833660484,2.812964031560756,False
New York,2021-08-07,13,3.6074906498935855,3.8664999724172318,False
New York,2021-08-14,4,1.8843948328104945,1.9504255636323582,False
New York,2021-08-14,8,3.080476499721062,2.9839779286410333,False
New York,2021-08-14,13,4.47605016046206,4.0382732361542555,False
New York,2021-08-21,4,2.3867753118835626,1.3249635651778022,False
New York,2021-08-21,8,3.129778818414556,1.5242724142715838,False
New York,2021-08-21,13,4.876653877444153,3.0724528996596003,False
New York,2021-08-28,4,2.618771301173222,1.953163785334052,False
New York,2021-08-28,8,2.9998369039106407,1.837321020935085,False
New York,2021-08-28,13,5.285437947348281,3.5531796496373342,False
New York,2021-09-04,4,1.9124072946476869,0.6560522785931135,False
New York,2021-09-04,8,2.2981382172754174,1.8681421276800159,False
New York,2021-09-04,13,5.187905567111552,1.93456684132183,False
New York,2021-09-11,4,0.48789128178403113,2.7982701670036185,False
New York,2021-09-11,8,1.3017438025819459,4.124289358571049,False
New York,2021-09-11,13,5.0257241044870495,3.6432002603627294,False
New York,2021-09-18,4,0.18131675169520015,1.4218893227507394,False
New York,2021-09-18,8,1.5236266607324551,1.347209849337308,False
New York,2021-09-18,13,6.344645659229406,3.7781776487193395,False
New York,2021-09-25,4,0.3418763293422776,0.9821600707768956,False
New York,2021-09-25,8,2.2560806521375043,1.337485091436616,False
New York,2021-09-25,13,8.407295261848292,6.252820697551496,False
New York,2021-10-02,4,0.8229609751123715,0.98766358771482,False
New York,2021-10-02,8,3.6570660254423557,3.644731978757921,False
New York,2021-10-02,13,11.60013771675327,11.4981415906736,False
New York,2021-10-09,4,1.870751783702906,2.355366691893748,False
New York,2021-10-09,8,5.442952758984958,6.12248798997614,False
New York,2021-10-09,13,15.348660993468465,16.723606569608805,False
New York,2021-10-16,4,2.6395659398923903,1.7090541675506685,False
New York,2021-10-16,8,7.079370847810805,5.778117919843956,False
New York,2021-10-16,13,18.663813307486002,17.635187529587334,False
New York,2021-10-23,4,3.5857821871513686,2.469500816397732,False
New York,2021-10-23,8,9.213646837352437,7.033147170587806,False
New York,2021-10-23,13,21.891596105620984,18.235265967743548,False
New York,2021-10-30,4,4.402277047878867,2.2460454579864115,False
New York,2021-10-30,8,11.343739055124665,7.624222021843738,False
New York,2021-10-30,13,24.336397895023758,18.781364223407195,False
New York,2021-11-06,4,5.124113235727501,1.9054279872392714,False
New York,2021-11-06,8,14.069398937997496,8.518986235066977,False
New York,2021-11-06,13,26.242684329697486,18.30804388146895,False
New York,2021-11-13,4,6.2523563668549444,2.588343656387445,False
New York,2021-11-13,8,16.958716981976988,11.206419830565654,False
New York,2021-11-13,13,27.592661023722464,20.43056900633339,False
Philadelphia,2021-05-01,4,5.470434350685783,0.907933607630309,False
Philadelphia,2021-05-01,8,8.917575702483255,0.9528314521192472,False
Philadelphia,2021-05-01,13,12.877216104026484,2.815972911289633,False
Philadelphia,2021-05-08,4,5.269852026844012,2.379484310796929,False
Philadelphia,2021-05-08,8,8.707335086358377,4.467426404150587,False
Philadelphia,2021-05-08,13,12.556511903850016,6.94407038408875,False
Philadelphia,2021-05-15,4,5.465561585647356,3.0462496696232653,False
Philadelphia,2021-05-15,8,8.745180276601474,4.7494730161204615,False
Philadelphia,2021-05-15,13,12.47516867422996,6.704268422245688,False
Philadelphia,2021-05-22,4,3.944077069990068,3.6089210797956572,False
Philadelphia,2021-05-22,8,7.421720130809943,2.7012825059222725,False
Philadelphia,2021-05-22,13,11.052896890542202,2.4573078400480344,False
Philadelphia,2021-05-29,4,4.18347388786592,2.4762267120104813,False
Philadelphia,2021-05-29,8,7.552231790149191,5.088467778451826,False
Philadelphia,2021-05-29,13,10.931360337890855,7.374908135480165,False
Philadelphia,2021-06-05,4,4.7167767632035424,2.3046192429568118,False
Philadelphia,2021-06-05,8,7.890655485449812,3.990125908142969,False
Philadelphia,2021-06-05,13,10.795922672794292,5.236693052610815,False
Philadelphia,2021-06-12,4,4.364828501359972,0.7088329590985746,False
Philadelphia,2021-06-12,8,7.557244888229558,2.085508977336937,False
Philadelphia,2021-06-12,13,9.853685275902114,3.0415259981932263,False
Philadelphia,2021-06-19,4,5.034751676228175,2.8272869658347517,False
Philadelphia,2021-06-19,8,8.007191201890123,4.934018119261031,False
Philadelphia,2021-06-19,13,9.643406388762855,5.6289236060257855,False
Philadelphia,2021-06-26,4,4.07137298685152,1.1581598752615985,False
Philadelphia,2021-06-26,8,6.895397119056968,1.264932844177954,False
Philadelphia,2021-06-26,13,7.946199462677199,1.2239101745908179,False
Philadelphia,2021-07-03,4,3.6546392770978784,0.7346204309207379,False
Philadelphia,2021-07-03,8,6.083119245488369,1.5231305744081345,False
Philadelphia,2021-07-03,13,6.661847292063321,1.0754902342383434,False
Philadelphia,2021-07-10,4,4.274862258783378,2.875683516579989,False
Philadelphia,2021-07-10,8,5.887256578303209,3.6024527635094254,False
Philadelphia,2021-07-10,13,6.128760249252189,3.259862869262224,False
Philadelphia,2021-07-17,4,3.903341255599414,0.6510258963102696,False
Philadelphia,2021-07-17,8,4.682257860952204,0.9802015506093109,False
Philadelphia,2021-07-17,13,4.6673270931604485,1.6111572594202557,False
Philadelphia,2021-07-24,4,3.6809877860518467,0.7094592301727765,False
Philadelphia,2021-07-24,8,3.6838108580156894,1.2349169797375368,False
Philadelphia,2021-07-24,13,3.380544854860043,1.8794632522296704,False
Philadelphia,2021-07-31,4,2.4441393006326297,1.648231856198067,False
Philadelphia,2021-07-31,8,1.91014242460922,3.7330377476905174,False
Philadelphia,2021-07-31,13,1.7010929292014636,5.280134915354061,False
Philadelphia,2021-08-07,4,0.718938611706374,3.123599472825261,False
Philadelphia,2021-08-07,8,0.5695315533995963,4.617969883149396,False
Philadelphia,2021-08-07,13,1.4141113256147215,5.892740905475527,False
Philadelphia,2021-08-14,4,0.6614128904184318,1.1471627279509968,False
Philadelphia,2021-08-14,8,0.8041712142799303,1.7537223852393418,False
Philadelphia,2021-08-14,13,2.466076158493578,2.997272069275346,False
Philadelphia,2021-08-21,4,1.111839842503427,2.3938754993488702,False
Philadelphia,2021-08-21,8,1.336281071208772,2.8666887819511433,False
Philadelphia,2021-08-21,13,3.7340156713181543,4.6819643610328106,False
Philadelphia,2021-08-28,4,1.42585096749556,1.9078405003637569,False
Philadelphia,2021-08-28,8,1.6796497325828477,1.6981607553812295,False
Philadelphia,2021-08-28,13,4.962524241632923,3.5630825497094385,False
Philadelphia,2021-09-04,4,0.49246210234491206,2.1447858376547875,False
Philadelphia,2021-09-04,8,1.250082289387014,2.7831720221470126,False
Philadelphia,2021-09-04,13,5.553584723508842,2.7981895110591335,False
Philadelphia,2021-09-11,4,0.3201196251113791,1.1410862825300974,False
Philadelphia,2021-09-11,8,1.573374684884305,1.1588525577737558,False
Philadelphia,2021-09-11,13,6.956754247751591,4.703405814575201,False
Philadelphia,2021-09-18,4,0.42194534164155656,0.9603879647769847,False
Philadelphia,2021-09-18,8,2.5567086511309243,3.470997228599314,False
Philadelphia,2021-09-18,13,9.406281080340275,10.182434175665513,False
Philadelphia,2021-09-25,4,0.8678702660951146,0.5599530504485257,False
Philadelphia,2021-09-25,8,3.846973029952246,2.379817197085509,False
Philadelphia,2021-09-25,13,12.263859532031795,8.950703874485823,False
Philadelphia,2021-10-02,4,1.950646630057961,3.098479194718596,False
Philadelphia,2021-10-02,8,6.165282555417775,7.197201086840312,False
Philadelphia,2021-10-02,13,16.341703064123447,17.047187495299333,False
Philadelphia,2021-10-09,4,3.3643393933621972,2.3669487436010503,False
Philadelphia,2021-10-09,8,8.584531349260487,6.109746133109251,False
Philadelphia,2021-10-09,13,20.37556041727514,15.205418113043208,False
Philadelphia,2021-10-16,4,3.9845520534907015,0.3005217164712654,False
Philadelphia,2021-10-16,8,10.408567266254401,2.7178670994544802,False
Philadelphia,2021-10-16,13,23.506156695613285,9.555929517359619,False
Philadelphia,2021-10-23,4,4.953591712194001,1.5794085578067982,False
Philadelphia,2021-10-23,8,12.807842948660964,6.601458511581311,False
Philadelphia,2021-10-23,13,26.63698818682422,15.812102561141833,False
Philadelphia,2021-10-30,4,6.029318879640448,0.9092772577358035,False
Philadelphia,2021-10-30,8,15.016118181808064,5.276824690400216,False
Philadelphia,2021-10-30,13,28.853732719874802,12.961871587127211,False
Philadelphia,2021-11-06,4,7.283380217004021,1.4261937343573667,False
Philadelphia,2021-11-06,8,17.532272330490688,6.221222991593558,False
Philadelphia,2021-11-06,13,30.550961608021577,12.486635315758805,False
Philadelphia,2021-11-13,4,9.10741091173437,3.1447846085318276,False
Philadelphia,2021-11-13,8,20.416088860285782,8.655114368953342,False
Philadelphia,2021-11-13,13,32.07309951416622,13.209700023456675,False
Phoenix,2021-05-01,4,0.7928558116866229,2.1769885035072734,False
Phoenix,2021-05-01,8,1.2457861203403475,4.489265414957144,False
Phoenix,2021-05-01,13,3.2453104616234887,6.005631970943854,False
Phoenix,2021-05-08,4,0.19124249296684548,0.8746298780281815,False
Phoenix,2021-05-08,8,1.1578491037683005,1.3420207786625715,False
Phoenix,2021-05-08,13,3.378452391488417,2.3723568893701064,False
Phoenix,2021-05-15,4,0.2500286179618074,0.5165746545259642,False
Phoenix,2021-05-15,8,1.6944775875864855,1.2383277078507067,False
Phoenix,2021-05-15,13,4.136965442872638,0.9699925166050009,False
Phoenix,2021-05-22,4,0.46495174384234084,1.6633949317269958,False
Phoenix,2021-05-22,8,2.1382009423587496,1.2294130795486793,False
Phoenix,2021-05-22,13,4.692757357091396,1.2771090062215131,False
Phoenix,2021-05-29,4,1.0818457821239431,1.8060476321200174,False
Phoenix,2021-05-29,8,3.1388672040325556,3.779288662888573,False
Phoenix,2021-05-29,13,5.870605984140035,5.133675135619246,False
Phoenix,2021-06-05,4,2.2303920509999173,2.0670355758486867,False
Phoenix,2021-06-05,8,4.312392374025289,2.9010310849573586,False
Phoenix,2021-06-05,13,7.021687755326397,2.9602193421568606,False
Phoenix,2021-06-12,4,2.7960217834929613,0.5405049738633109,False
Phoenix,2021-06-12,8,4.951735067818364,1.8303969098197919,False
Phoenix,2021-06-12,13,7.515170292724714,3.3408573221774476,False
Phoenix,2021-06-19,4,3.0768988496071206,0.5170700218225773,False
Phoenix,2021-06-19,8,5.316602545116725,0.4532759234719648,False
Phoenix,2021-06-19,13,7.708060265981394,0.7269813239031596,False
Phoenix,2021-06-26,4,2.6144732272766347,2.0348132013405356,False
Phoenix,2021-06-26,8,4.964706580040341,2.6481307549749213,False
Phoenix,2021-06-26,13,7.177039733121508,3.381898852977537,False
Phoenix,2021-07-03,4,2.300530439120253,0.7773226527973519,False
Phoenix,2021-07-03,8,4.695164669637526,0.6462795308269043,False
Phoenix,2021-07-03,13,6.718497120648957,1.1906714418006412,False
Phoenix,2021-07-10,4,2.92933162442539,2.587607607647524,False
Phoenix,2021-07-10,8,5.140502038624859,3.6237802356259827,False
Phoenix,2021-07-10,13,6.9465206918965725,3.600029274662322,False
Phoenix,2021-07-17,4,3.262866130154057,0.3307774179522867,False
Phoenix,2021-07-17,8,5.184301497446232,0.7779053485334599,False
Phoenix,2021-07-17,13,6.791572560492015,1.6069963807123742,False
Phoenix,2021-07-24,4,3.3503254017000645,1.373459111879025,False
Phoenix,2021-07-24,8,5.019865651507419,3.722984404105805,False
Phoenix,2021-07-24,13,6.4325317896494445,5.574377599967632,False
Phoenix,2021-07-31,4,3.0300194447727367,2.211376581989518,False
Phoenix,2021-07-31,8,4.40272289030946,4.419943019869234,False
Phoenix,2021-07-31,13,5.698072726032654,5.569656518229955,False
Phoenix,2021-08-07,4,2.4516671324373194,2.6875130033649275,False
Phoenix,2021-08-07,8,3.6397849499414368,5.012477757087548,False
Phoenix,2021-08-07,13,4.796558060924616,5.853869911409223,False
Phoenix,2021-08-14,4,2.016821799761216,1.3020356358967966,False
Phoenix,2021-08-14,8,3.122108809609388,2.8726520596217617,False
Phoenix,2021-08-14,13,4.08575104355687,3.859419550780179,False
Phoenix,2021-08-21,4,1.86845844076969,0.2059208309006658,False
Phoenix,2021-08-21,8,2.7998920224679478,0.7572570703114438,False
Phoenix,2021-08-21,13,3.50713438952014,1.9971859276272832,False
Phoenix,2021-08-28,4,1.3704978084596624,1.4001793089167116,False
Phoenix,2021-08-28,8,2.3146895540108035,2.9421735550461126,False
Phoenix,2021-08-28,13,2.566469207644005,4.793680718099017,False
Phoenix,2021-09-04,4,1.2593729371191003,0.3621443610410413,False
Phoenix,2021-09-04,8,2.1556227209012646,0.2498058778465895,False
Phoenix,2021-09-04,13,2.3042158605495153,1.0534500854274098,False
Phoenix,2021-09-11,4,1.4199770525455322,0.9422928025818579,False
Phoenix,2021-09-11,8,2.181495136764468,1.0744724714194032,False
Phoenix,2021-09-11,13,2.557654056898767,2.128106571546282,False
Phoenix,2021-09-18,4,0.9003881459292084,1.4305736768813693,False
Phoenix,2021-09-18,8,1.5198622216526503,2.5961094396558897,False
Phoenix,2021-09-18,13,2.9790268178222203,6.749409111871119,False
Phoenix,2021-09-25,4,1.3033334612842575,1.550935129209184,False
Phoenix,2021-09-25,8,1.4745240628388616,1.4714900969897897,False
Phoenix,2021-09-25,13,4.188288870109999,5.24153882537467,False
Phoenix,2021-10-02,4,1.029519085388903,0.6229893465638789,False
Phoenix,2021-10-02,8,1.2381765425093183,2.3776316485011275,False
Phoenix,2021-10-02,13,5.94607432446106,8.955816155112075,False
Phoenix,2021-10-09,4,0.8264022889172763,0.2257841731006932,False
Phoenix,2021-10-09,8,1.7546745043502203,2.5852039187643,False
Phoenix,2021-10-09,13,8.39448339121201,10.431502900701034,False
Phoenix,2021-10-16,4,0.7208253629733895,0.5999347355615301,False
Phoenix,2021-10-16,8,2.8517130025626805,3.583307063809319,False
Phoenix,2021-10-16,13,11.174951228002215,12.897468147051466,False
Phoenix,2021-10-23,4,0.6264486039893861,1.8928391160749154,False
Phoenix,2021-10-23,8,4.73088141596694,7.4851978600199764,False
Phoenix,2021-10-23,13,14.44414441506248,19.146715838899446,False
Phoenix,2021-10-30,4,1.929062427018136,2.717888123858483,False
Phoenix,2021-10-30,8,7.292619622052254,8.872533993266483,False
Phoenix,2021-10-30,13,17.440899527121296,20.06302369085697,False
Phoenix,2021-11-06,4,3.5680157900180904,3.4997064835680907,False
Phoenix,2021-11-06,8,10.412700882152471,10.678901003371104,False
Phoenix,2021-11-06,13,19.92747436599292,20.556348008510504,False
Phoenix,2021-11-13,4,5.236986957210661,4.126929040850342,False
Phoenix,2021-11-13,8,13.640929770006005,11.61723412792799,False
Phoenix,2021-11-13,13,21.73716311043508,18.932487284060855,False
Riverside,2021-05-01,4,3.461967751032386,0.8174266336592441,False
Riverside,2021-05-01,8,6.915174795266276,2.798054243592834,False
Riverside,2021-05-01,13,11.47802564698026,6.550169417369542,False
Riverside,2021-05-08,4,3.713055437146117,2.0314549709005885,False
Riverside,2021-05-08,8,7.385445958960235,5.045803812092487,False
Riverside,2021-05-08,13,12.139201330471105,9.269165133836479,False
Riverside,2021-05-15,4,4.645089312599896,3.7146751647822747,False
Riverside,2021-05-15,8,8.198963969802902,7.488208020433615,False
Riverside,2021-05-15,13,13.137143436412774,12.428712519440463,False
Riverside,2021-05-22,4,4.54956646943462,0.4629322257548356,False
Riverside,2021-05-22,8,8.2295223522664,1.4512069829757208,False
Riverside,2021-05-22,13,13.262370276903642,3.993422697182992,False
Riverside,2021-05-29,4,4.74812060799657,1.2729179510775652,False
Riverside,2021-05-29,8,8.64767331216717,3.0523968045949506,False
Riverside,2021-05-29,13,13.576522299011081,5.696808020037439,False
Riverside,2021-06-05,4,5.133383893815764,1.7114130599270658,False
Riverside,2021-06-05,8,9.17069979223546,3.8204766223038993,False
Riverside,2021-06-05,13,13.876329175811167,6.175657659856582,False
Riverside,2021-06-12,4,4.380403404098502,2.215771948910341,False
Riverside,2021-06-12,8,8.90385207291441,1.5185177622419146,False
Riverside,2021-06-12,13,13.283191732128346,1.2479285448976336,False
Riverside,2021-06-19,4,5.041894794873926,2.47193781544735,False
Riverside,2021-06-19,8,9.726455998366932,5.711396643108165,False
Riverside,2021-06-19,13,13.655044661049272,7.685944801465765,False
Riverside,2021-06-26,4,5.5068960060138465,1.818891299177576,False
Riverside,2021-06-26,8,10.015556516733295,4.34911655361132,False
Riverside,2021-06-26,13,13.488926793268716,5.7377252368948,False
Riverside,2021-07-03,4,5.525966547113908,0.8402075056368461,False
Riverside,2021-07-03,8,9.725404260989148,1.4900230884338839,False
Riverside,2021-07-03,13,12.726770157880797,1.3637608585785137,False
Riverside,2021-07-10,4,6.913237908548855,4.349196278766547,False
Riverside,2021-07-10,8,10.396849179006622,6.103623212469816,False
Riverside,2021-07-10,13,12.790761845151113,6.700806925816235,False
Riverside,2021-07-17,4,6.69312143840239,1.4121597481640351,False
Riverside,2021-07-17,8,9.506450974407924,1.9234366118407356,False
Riverside,2021-07-17,13,11.302364152161957,1.8443892998359832,False
Riverside,2021-07-24,4,5.662051019078228,0.3678997930076434,False
Riverside,2021-07-24,8,8.011447330487998,0.6165423121369192,False
Riverside,2021-07-24,13,9.191841248505037,0.8429683352705898,False
Riverside,2021-07-31,4,4.927788960850213,0.23175025706710267,False
Riverside,2021-07-31,8,6.849999267024259,0.3158296238832885,False
Riverside,2021-07-31,13,7.365339723284562,0.7812970310597941,False
Riverside,2021-08-07,4,3.464274240328334,2.0936245029297957,False
Riverside,2021-08-07,8,5.007922911518228,2.6842847171551276,False
Riverside,2021-08-07,13,4.902878500022342,4.013666281021118,False
Riverside,2021-08-14,4,2.747972084678328,0.758293415198529,False
Riverside,2021-08-14,8,3.8988228472947264,1.2833435060241876,False
Riverside,2021-08-14,13,3.234683458561291,2.9157315955596883,False
Riverside,2021-08-21,4,2.5719458208941735,0.29743988957833883,False
Riverside,2021-08-21,8,3.109321803079222,0.373536812836406,False
Riverside,2021-08-21,13,2.5893163134535437,0.5634031009487773,False
Riverside,2021-08-28,4,2.1887607795115858,0.2843957575519882,False
Riverside,2021-08-28,8,2.10303272392736,0.21094904272381418,False
Riverside,2021-08-28,13,2.7619939234590376,0.31173351282844247,False
Riverside,2021-09-04,4,1.4740269172598912,0.42083766886996893,False
Riverside,2021-09-04,8,1.1572269146212693,1.1030360803619632,False
Riverside,2021-09-04,13,3.7239115091102635,2.4401724753687777,False
Riverside,2021-09-11,4,1.0120382795060843,0.6513454250501203,False
Riverside,2021-09-11,8,1.288030041242936,0.9249831299063704,False
Riverside,2021-09-11,13,5.471496836634634,1.2161922106886243,False
Riverside,2021-09-18,4,0.4739466784796858,1.2086482567040844,False
Riverside,2021-09-18,8,2.074582405514497,1.7619992622428908,False
Riverside,2021-09-18,13,8.16061324610137,3.920834477510738,False
Riverside,2021-09-25,4,1.0506939280869494,1.1577537538441423,False
Riverside,2021-09-25,8,3.318094335651485,3.526718926192454,False
Riverside,2021-09-25,13,11.236451172327605,3.655306046450214,False
Riverside,2021-10-02,4,1.7455269475641806,2.1105126963205003,False
Riverside,2021-10-02,8,4.801836063142739,4.799352743609595,False
Riverside,2021-10-02,13,14.658236608228513,4.7952011796747644,False
Riverside,2021-10-09,4,2.326182218349522,1.4693866931979642,False
Riverside,2021-10-09,8,6.524522409102143,2.5240629906646697,False
Riverside,2021-10-09,13,18.30152654254317,4.800674121478192,False
Riverside,2021-10-16,4,2.444541082774442,2.449292338455179,False
Riverside,2021-10-16,8,8.077902456329273,2.799388278389843,False
Riverside,2021-10-16,13,21.334273210547277,5.820086104078859,False
Riverside,2021-10-23,4,3.452581928059015,1.411806581225823,False
Riverside,2021-10-23,8,10.871752764145928,6.049446411908321,False
Riverside,2021-10-23,13,24.716367284285152,15.293065259354538,False
Riverside,2021-10-30,4,4.450468021327519,0.8806167045198963,False
Riverside,2021-10-30,8,13.468516263146313,4.199619832052735,False
Riverside,2021-10-30,13,26.754277743940612,10.475952586079371,False
Riverside,2021-11-06,4,6.58605213991305,2.552028854040847,False
Riverside,2021-11-06,8,17.387000651017665,8.482397579875677,False
Riverside,2021-11-06,13,28.860932434419727,14.017163469519039,False
Riverside,2021-11-13,4,8.757697064330362,2.327975912082148,False
Riverside,2021-11-13,8,21.08578126093381,8.18947546595589,False
Riverside,2021-11-13,13,29.823535202425898,10.653357404425925,False
San Francisco,2021-05-01,4,2.30506055162217,3.0683692395338538,False
San Francisco,2021-05-01,8,3.6094826807010443,3.5070193839735175,False
San Francisco,2021-05-01,13,6.322870619614142,5.317724078330698,False
San Francisco,2021-05-08,4,1.6517773312387458,1.5191590020686034,False
San Francisco,2021-05-08,8,3.432343800935958,2.24620355203208,False
San Francisco,2021-05-08,13,6.3350004575350285,2.16265273557942,False
San Francisco,2021-05-15,4,1.9221392918431008,1.4451743147530451,False
San Francisco,2021-05-15,8,4.025878916854839,2.6051476934581745,False
San Francisco,2021-05-15,13,7.081651666192794,4.704734041000143,False
San Francisco,2021-05-22,4,0.8052248722837427,3.202079451348866,False
San Francisco,2021-05-22,8,3.4623009587530307,3.22851167144612,False
San Francisco,2021-05-22,13,6.549756980147324,2.422487620385655,False
San Francisco,2021-05-29,4,1.6509515621048847,1.3120655889363195,False
San Francisco,2021-05-29,8,4.170238307781202,3.100030731071578,False
San Francisco,2021-05-29,13,7.102166231210548,4.935306499034044,False
San Francisco,2021-06-05,4,3.2399663215151273,3.991299744368889,False
San Francisco,2021-06-05,8,5.714072980437564,5.631038107414789,False
San Francisco,2021-06-05,13,8.106793814027021,6.659968028301567,False
San Francisco,2021-06-12,4,3.717259775809946,1.6638844926886034,False
San Francisco,2021-06-12,8,6.438148462518432,2.9431657695073112,False
San Francisco,2021-06-12,13,8.091739241549257,3.090979485561182,False
San Francisco,2021-06-19,4,4.473445129237534,3.010649113352864,False
San Francisco,2021-06-19,8,7.12212051823205,4.689362451286748,False
San Francisco,2021-06-19,13,8.200626159931769,4.322633857361999,False
San Francisco,2021-06-26,4,2.3581369591219925,6.5836230126703725,False
San Francisco,2021-06-26,8,5.066505933495943,7.988367206848296,False
San Francisco,2021-06-26,13,5.97079734390238,10.027802410034242,False
San Francisco,2021-07-03,4,2.4906375957032614,0.7154974717733302,False
San Francisco,2021-07-03,8,4.6858727894856855,1.297627623044207,False
San Francisco,2021-07-03,13,5.696225733880031,1.4773524663658433,False
San Francisco,2021-07-10,4,4.207705547690277,4.55438639138073,False
San Francisco,2021-07-10,8,5.154912558555052,5.244672463038988,False
San Francisco,2021-07-10,13,6.5280944173301725,5.729290273966599,False
San Francisco,2021-07-17,4,4.024464915931069,0.5863679443318465,False
San Francisco,2021-07-17,8,4.016704833707804,2.5497706435969567,False
San Francisco,2021-07-17,13,5.791491267519738,2.7836763441881947,False
San Francisco,2021-07-24,4,3.975994596723849,1.2734188833808544,False
San Francisco,2021-07-24,8,3.4807273250245547,2.8979134676212417,False
San Francisco,2021-07-24,13,5.402914057285386,2.57753752150772,False
San Francisco,2021-07-31,4,1.6538579931802793,3.5449801529238085,False
San Francisco,2021-07-31,8,1.534800213291383,6.533443980889134,False
San Francisco,2021-07-31,13,3.227230824907226,6.6725732264807585,False
San Francisco,2021-08-07,4,1.3541314610201556,6.084862261680805,False
San Francisco,2021-08-07,8,1.8191775995646353,7.558779729377426,False
San Francisco,2021-08-07,13,2.4063005658457546,8.320336919963388,False
San Francisco,2021-08-14,4,1.6595858844745446,2.5555340144892544,False
San Francisco,2021-08-14,8,2.384707056249506,2.336014554551485,False
San Francisco,2021-08-14,13,2.8701686775046547,3.035939912216011,False
San Francisco,2021-08-21,4,0.9510195549796593,1.3067209035437743,False
San Francisco,2021-08-21,8,2.9192720931478915,2.401541246675316,False
San Francisco,2021-08-21,13,3.7412472282545415,3.4359340140290304,False
San Francisco,2021-08-28,4,1.4300089546638042,1.457525520225904,False
San Francisco,2021-08-28,8,3.5663665369794395,2.766121070962077,False
San Francisco,2021-08-28,13,5.516970814483635,5.244797621365123,False
San Francisco,2021-09-04,4,3.2658336524746443,4.342092557433511,False
San Francisco,2021-09-04,8,4.7800926047897985,5.779898953027968,False
San Francisco,2021-09-04,13,8.158718959356849,8.011987600613315,False
San Francisco,2021-09-11,4,4.961633976562529,4.217534713628651,False
San Francisco,2021-09-11,8,4.573736271961559,3.73674701024741,False
San Francisco,2021-09-11,13,11.524038901202267,11.523515816369642,False
San Francisco,2021-09-18,4,4.887524631316124,2.8956837526984227,False
San Francisco,2021-09-18,8,4.068881241628704,3.7404317877389506,False
San Francisco,2021-09-18,13,16.165452366196625,17.751645172093504,False
San Francisco,2021-09-25,4,3.194032898681641,1.354084878608825,False
San Francisco,2021-09-25,8,4.983648415981772,6.898044256415628,False
San Francisco,2021-09-25,13,22.958617970346655,26.845780308257837,False
San Francisco,2021-10-02,4,1.5904019909691618,5.951521774217286,False
San Francisco,2021-10-02,8,9.131413190092594,16.098582470126228,False
San Francisco,2021-10-02,13,33.6973693848388,43.36700836311048,False
San Francisco,2021-10-09,4,3.899904849894638,6.57997269431998,False
San Francisco,2021-10-09,8,15.44861549863265,20.01364961873908,False
San Francisco,2021-10-09,13,46.24019211436092,53.780560624094996,False
San Francisco,2021-10-16,4,6.387571964078045,6.589365725481092,False
San Francisco,2021-10-16,8,21.855922583643107,22.465597502056262,False
San Francisco,2021-10-16,13,57.83281902954604,59.36554634615157,False
San Francisco,2021-10-23,4,9.011270608712737,8.659848614313484,False
San Francisco,2021-10-23,8,28.325527968144193,28.35649177375884,False
San Francisco,2021-10-23,13,66.29351041245108,67.23753432724072,False
San Francisco,2021-10-30,4,12.660394266015034,9.335416291553727,False
San Francisco,2021-10-30,8,35.00470336912421,30.001956706816667,False
San Francisco,2021-10-30,13,70.94498984630137,64.65192019404851,False
San Francisco,2021-11-06,4,17.48528673918251,12.241369267579215,False
San Francisco,2021-11-06,8,43.345582330690426,35.114723039383954,False
San Francisco,2021-11-06,13,72.56208333627796,62.48745281699859,False
San Francisco,2021-11-13,4,22.444324408002874,13.009868490291018,False
San Francisco,2021-11-13,8,52.192491165348365,38.68604078774298,False
San Francisco,2021-11-13,13,70.80593707026588,57.730184348630566,False
Seattle,2021-05-01,4,7.124390847200337,1.2660130294320473,False
Seattle,2021-05-01,8,10.043281124691992,1.3800495978491307,False
Seattle,2021-05-01,13,12.333320839323742,1.5011010371808193,False
Seattle,2021-05-08,4,6.035277233930183,1.1912438997861512,False
Seattle,2021-05-08,8,8.549670440398534,1.9150783579767607,False
Seattle,2021-05-08,13,10.819648515434757,2.4122964085560303,False
Seattle,2021-05-15,4,5.534167833296283,1.02098973441569,False
Seattle,2021-05-15,8,7.26586786688915,1.168515310704919,False
Seattle,2021-05-15,13,9.748240124937421,1.5883004018540754,False
Seattle,2021-05-22,4,2.6942997660854373,4.88326973492676,False
Seattle,2021-05-22,8,4.484605810517698,6.505697501039092,False
Seattle,2021-05-22,13,7.065163550859503,6.513358064107071,False
Seattle,2021-05-29,4,2.9006953943580784,1.032967476285198,False
Seattle,2021-05-29,8,4.093881503658496,0.9029076954573927,False
Seattle,2021-05-29,13,6.647803398702082,1.5925908585903987,False
Seattle,2021-06-05,4,3.1750686189109993,0.9741687542532728,False
Seattle,2021-06-05,8,4.443448969029435,1.2823386482580863,False
Seattle,2021-06-05,13,6.380178888124041,1.5732233889291454,False
Seattle,2021-06-12,4,1.7663675416161249,3.473765662983383,False
Seattle,2021-06-12,8,3.9890527048662916,3.771520203398625,False
Seattle,2021-06-12,13,4.9921404927832524,5.22093667070034,False
Seattle,2021-06-19,4,2.8387202541832677,2.6623464461973794,False
Seattle,2021-06-19,8,5.365336602927249,4.411526096070957,False
Seattle,2021-06-19,13,5.579975389452889,3.625277965046441,False
Seattle,2021-06-26,4,0.9444677378697472,8.23130981679965,False
Seattle,2021-06-26,8,3.235708670497191,8.813730160686845,False
Seattle,2021-06-26,13,2.597360726654471,12.936762177503661,False
Seattle,2021-07-03,4,2.251575841383195,1.4809059585512097,False
Seattle,2021-07-03,8,4.044565654595623,1.918395860449266,False
Seattle,2021-07-03,13,2.9799680254628367,3.267175480630829,False
Seattle,2021-07-10,4,5.433017992173318,6.343644930254583,False
Seattle,2021-07-10,8,5.977598295105543,6.734172509877926,False
Seattle,2021-07-10,13,4.726901586932844,5.3096998707070915,False
Seattle,2021-07-17,4,4.465982909019979,1.8188349382001916,False
Seattle,2021-07-17,8,3.711485264562573,2.5295104249415337,False
Seattle,2021-07-17,13,2.6555170105672756,5.6200233629657586,False
Seattle,2021-07-24,4,4.730255904935648,2.974322331241289,False
Seattle,2021-07-24,8,3.0731668323146786,3.3895139102513996,False
Seattle,2021-07-24,13,3.048150268637003,7.2635859235494395,False
Seattle,2021-07-31,4,0.8873898939622586,4.133402571864943,False
Seattle,2021-07-31,8,2.5515464969899693,9.051666616974057,False
Seattle,2021-07-31,13,5.474108520546667,15.404409757035717,False
Seattle,2021-08-07,4,2.80870656701048,6.548272530086939,False
Seattle,2021-08-07,8,4.855707088086316,10.717267909445477,False
Seattle,2021-08-07,13,9.527921546960046,18.175827431771857,False
Seattle,2021-08-14,4,2.7480689571961157,3.763213448416029,False
Seattle,2021-08-14,8,4.192748149283834,6.5711095571028615,False
Seattle,2021-08-14,13,10.640150995111732,15.31870256855314,False
Seattle,2021-08-21,4,2.9929386856016498,3.76719626910413,False
Seattle,2021-08-21,8,4.336433643070856,5.9457452743262955,False
Seattle,2021-08-21,13,12.853715359141587,15.85622367441264,False
Seattle,2021-08-28,4,3.7098960661180236,4.465652321894501,False
Seattle,2021-08-28,8,5.486933781422188,6.614062175023823,False
Seattle,2021-08-28,13,16.752285104790456,18.820838317117605,False
Seattle,2021-09-04,4,1.9050645945628983,0.5798589448021807,False
Seattle,2021-09-04,8,5.358509968694345,2.542327608190307,False
Seattle,2021-09-04,13,19.964724682007773,14.788966106939016,False
Seattle,2021-09-11,4,0.5043275000812211,2.4715605746308342,False
Seattle,2021-09-11,8,6.236284142769336,3.4564058790675047,False
Seattle,2021-09-11,13,25.087293888885497,16.473228636623432,False
Seattle,2021-09-18,4,1.284495204234427,1.0832346042322656,False
Seattle,2021-09-18,8,9.283310599262357,6.432644957108096,False
Seattle,2021-09-18,13,33.66458994690029,26.242048921888784,False
Seattle,2021-09-25,4,3.096564208205272,2.149052360934698,False
Seattle,2021-09-25,8,13.219429783186651,8.904352955399933,False
Seattle,2021-09-25,13,43.77017307897414,33.31857049402671,False
Seattle,2021-10-02,4,7.290255584200067,8.09306710774465,False
Seattle,2021-10-02,8,20.609004137061444,21.008949826163274,False
Seattle,2021-10-02,13,59.15981458219552,58.22154974321017,False
Seattle,2021-10-09,4,11.29215674487522,9.075410404897982,False
Seattle,2021-10-09,8,28.262779985045395,23.803543171409856,False
Seattle,2021-10-09,13,74.91970011825433,65.2543205336629,False
Seattle,2021-10-16,4,13.042736914778038,7.359807562127759,False
Seattle,2021-10-16,8,34.52404751579509,22.73383135446867,False
Seattle,2021-10-16,13,86.2502970315718,60.46836912624127,False
Seattle,2021-10-23,4,14.353886091249876,4.752512610919892,False
Seattle,2021-10-23,8,41.11000316739586,21.13608617174807,False
Seattle,2021-10-23,13,92.34861074848317,54.70147944917362,False
Seattle,2021-10-30,4,16.54602764681646,3.1801489221499777,False
Seattle,2021-10-30,8,47.69023334107302,18.231444124652356,False
Seattle,2021-10-30,13,93.07431199637315,44.35487276527471,False
Seattle,2021-11-06,4,21.35513058050543,6.157049744664128,False
Seattle,2021-11-06,8,57.32232957733013,24.354478467499003,False
Seattle,2021-11-06,13,91.91370711925167,44.91634557400984,False
Seattle,2021-11-13,4,28.048995543274337,10.808700645762126,False
Seattle,2021-11-13,8,68.88253195386426,34.367933695275674,False
Seattle,2021-11-13,13,88.7407590242828,45.692262481953556,False
Washington DC,2021-05-01,4,6.331458203673801,3.071636681079824,False
Washington DC,2021-05-01,8,10.541094782194463,2.7788439953077915,False
Washington DC,2021-05-01,13,15.14165465723184,5.7720068344044275,False
Washington DC,2021-05-08,4,5.865119412570925,3.0998300811760005,False
Washington DC,2021-05-08,8,10.166290972422079,7.047214441841847,False
Washington DC,2021-05-08,13,14.643551056289805,11.127960955980019,False
Washington DC,2021-05-15,4,6.263617676448097,3.7281663720382308,False
Washington DC,2021-05-15,8,10.340620708680698,7.05246469749548,False
Washington DC,2021-05-15,13,14.650103466949965,10.557604401498757,False
Washington DC,2021-05-22,4,4.7852576591540545,1.2628669116089057,False
Washington DC,2021-05-22,8,9.018472038700553,3.717464231599549,False
Washington DC,2021-05-22,13,13.089785067013832,7.317958176952982,False
Washington DC,2021-05-29,4,5.713605680639336,3.6753854114095255,False
Washington DC,2021-05-29,8,9.559214357176424,7.454860085618417,False
Washington DC,2021-05-29,13,13.161532321702325,11.06653983868781,False
Washington DC,2021-06-05,4,6.144075162743688,3.1165985526933335,False
Washington DC,2021-06-05,8,9.715580100979288,6.215936820725142,False
Washington DC,2021-06-05,13,12.61983637228681,8.905211070858241,False
Washington DC,2021-06-12,4,5.380749669196089,1.5903723067991384,False
Washington DC,2021-06-12,8,9.046156230993956,4.587123177355026,False
Washington DC,2021-06-12,13,11.162255523072261,6.727313431115683,False
Washington DC,2021-06-19,4,5.898328141661115,3.4293508446502425,False
Washington DC,2021-06-19,8,9.243941430102511,6.615969757229122,False
Washington DC,2021-06-19,13,10.693854415631469,8.140715242247463,False
Washington DC,2021-06-26,4,4.083753793641556,1.5087211480899816,False
Washington DC,2021-06-26,8,7.165971358362179,3.2646019299346296,False
Washington DC,2021-06-26,13,8.252194176448011,4.5027446815084975,False
Washington DC,2021-07-03,4,4.209888726906749,2.9441362070565757,False
Washington DC,2021-07-03,8,6.559591495953216,5.480574936157248,False
Washington DC,2021-07-03,13,7.467774671359861,7.150822906095803,False
Washington DC,2021-07-10,4,5.3551366200207795,5.105601612186452,False
Washington DC,2021-07-10,8,6.451015201512971,6.6695384526797765,False
Washington DC,2021-07-10,13,7.339671696251098,8.56357903441116,False
Washington DC,2021-07-17,4,4.430916517018794,1.964317858193372,False
Washington DC,2021-07-17,8,4.576784812125063,1.4525219932882583,False
Washington DC,2021-07-17,13,5.462997041689585,2.3350248630636155,False
Washington DC,2021-07-24,4,3.763845156470222,1.7409532285971223,False
Washington DC,2021-07-24,8,3.432773574392195,1.2102021462091046,False
Washington DC,2021-07-24,13,4.079404155266653,1.8585344499458114,False
Washington DC,2021-07-31,4,1.686206835449771,2.548065715898514,False
Washington DC,2021-07-31,8,1.4019675340855438,4.146615832554934,False
Washington DC,2021-07-31,13,1.8863077908530663,4.547962415457441,False
Washington DC,2021-08-07,4,0.875047284389286,5.391281865688822,False
Washington DC,2021-08-07,8,1.0757070312641497,5.830251358914656,False
Washington DC,2021-08-07,13,1.8787453724212217,6.774222143451222,False
Washington DC,2021-08-14,4,1.346805848907061,0.43503390954944077,False
Washington DC,2021-08-14,8,1.3169417089552788,1.862707848264356,False
Washington DC,2021-08-14,13,2.8280357087907833,2.3419640097926995,False
Washington DC,2021-08-21,4,0.8614296206263815,0.8231365808513528,False
Washington DC,2021-08-21,8,1.322114090352477,2.1591167749007094,False
Washington DC,2021-08-21,13,3.9926215548034847,2.872351741764098,False
Washington DC,2021-08-28,4,1.0468085615456275,1.4147542311434518,False
Washington DC,2021-08-28,8,1.4688931973980606,2.56711196965572,False
Washington DC,2021-08-28,13,5.914429286333242,4.693805557732822,False
Washington DC,2021-09-04,4,2.0623057366948383,5.26132598998617,False
Washington DC,2021-09-04,8,2.1797656341908938,7.803366204974975,False
Washington DC,2021-09-04,13,8.374492081559483,7.1365579534245365,False
Washington DC,2021-09-11,4,2.9657088212228464,2.840905550228681,False
Washington DC,2021-09-11,8,2.8546677755032945,2.438231481562055,False
Washington DC,2021-09-11,13,11.83362242134421,9.050249051455632,False
Washington DC,2021-09-18,4,1.7187194855785424,0.6592962568787216,False
Washington DC,2021-09-18,8,3.851525043058299,4.587087874667748,False
Washington DC,2021-09-18,13,16.89436722731246,18.33562554926299,False
Washington DC,2021-09-25,4,1.2279208488132864,1.4703691234031595,False
Washington DC,2021-09-25,8,6.33479424167675,7.482286130787596,False
Washington DC,2021-09-25,13,23.3196223324985,25.073050739983394,False
Washington DC,2021-10-02,4,2.852060789441623,4.788115824548263,False
Washington DC,2021-10-02,8,10.903339995038424,13.532906663360839,False
Washington DC,2021-10-02,13,31.901400376077692,35.62650199802002,False
Washington DC,2021-10-09,4,5.322993500603104,5.4155108705495465,False
Washington DC,2021-10-09,8,15.863990528424504,16.133673539067306,False
Washington DC,2021-10-09,13,40.511597010718766,40.98884454274733,False
Washington DC,2021-10-16,4,6.934475373648012,5.342364963768989,False
Washington DC,2021-10-16,8,20.135970763914028,17.96186293773453,False
Washington DC,2021-10-16,13,47.47363545258906,44.5863806227755,False
Washington DC,2021-10-23,4,9.250197058877108,7.890880791784234,False
Washington DC,2021-10-23,8,25.39236005602144,23.712239982789256,False
Washington DC,2021-10-23,13,53.86353855723199,51.98105404509007,False
Washington DC,2021-10-30,4,11.85270974680924,7.180859661171748,False
Washington DC,2021-10-30,8,30.279084231294778,22.375916399117802,False
Washington DC,2021-10-30,13,58.05888301909044,46.181109674341805,False
Washington DC,2021-11-06,4,14.864274520253353,6.9281316815275575,False
Washington DC,2021-11-06,8,35.480956581814816,20.12791833028472,False
Washington DC,2021-11-06,13,60.55351894075701,36.98722641107662,False
Washington DC,2021-11-13,4,18.054278393858432,7.5615141987128345,False
Washington DC,2021-11-13,8,40.63481853236746,20.368805358408903,False
Washington DC,2021-11-13,13,61.35402154778213,31.984699417276907,False
