horizon,feature,lag,coef_with_covid,se_with_covid,p_with_covid,n_with_covid,r2_within_with_covid,coef_no_covid,se_no_covid,p_no_covid,n_no_covid,r2_within_no_covid
4,fed_funds,4,-0.14095020381030166,0.04843323979576004,0.003619620213185737,10560,0.2085349569815359,0.08399594986797392,0.03260643607196079,0.010009402652729094,9000,0.06797917069129611
4,fed_funds,6,-0.4691639045219872,0.07286200501562287,1.254774062431352e-10,10530,0.20921853997315,0.029854743575411496,0.025951682936022923,0.2500111904290747,8970,0.06651537523085382
4,fed_funds,8,-0.9117335137903012,0.13261577690578155,6.553646514362299e-12,10500,0.21081045725843728,0.03283026731169686,0.03143203129568067,0.29628975698886895,8940,0.06699913422610593
4,fed_funds,10,-1.3071170198300706,0.16476166719935192,2.220446049250313e-15,10470,0.2143943536158195,0.029896556520841718,0.02346662453144562,0.2026957176432269,8910,0.06729492697986394
4,fed_funds,12,-1.2616288322799194,0.20244864816754676,4.788809349065559e-10,10440,0.21293118652567788,0.06479532875786445,0.03166505073571276,0.040759141659528986,8880,0.06758282410587724
4,fed_funds,14,-0.519596274896875,0.06571473600900507,2.886579864025407e-15,10410,0.20942230874727463,0.07380378865245141,0.033470220284250174,0.027475802157546303,8850,0.06801148411960622
4,fed_funds,16,-1.1223653521766381,0.12749963697777547,0.0,10380,0.21236584895865274,0.03822184183443957,0.029005800016997013,0.1876281774001627,8820,0.06746427716189796
4,fed_funds,18,-0.5036621267425982,0.06500359445379039,1.021405182655144e-14,10350,0.2093286536268275,-0.005858662922843796,0.01558811337406084,0.7070437229796762,8790,0.06740305546267689
4,fed_funds,20,-0.7572587902639386,0.08442284002930982,0.0,10320,0.21021959976305948,-0.008526909029551895,0.01147234707139604,0.4573458150442602,8760,0.06745182574494235
4,fed_funds,22,-0.7770878669734597,0.09054226645751796,0.0,10290,0.21045100918724224,0.027149317379971265,0.01256380283936382,0.030729160714497716,8730,0.06792340968715882
4,fed_funds,24,-1.0279096777022496,0.12531952600532897,2.220446049250313e-16,10260,0.2119687528236991,0.054794299545891836,0.024513306782590043,0.025423902361662254,8700,0.0685541286357787
4,fed_funds,26,-0.505237866110023,0.11742874156895165,1.7045720733355196e-05,10230,0.2092552288226842,0.12597254175279557,0.035322067385092505,0.00036388645782792217,8670,0.07063483012726712
4,cpi,4,0.12029312042077286,0.015557169782074071,1.1546319456101628e-14,10560,0.21052039168524928,0.01668157507060845,0.002163084004082928,1.3766765505351941e-14,9000,0.07527451000946295
4,cpi,6,0.19993710859408462,0.0251440946641573,1.9984014443252818e-15,10530,0.2128955833168874,0.017673982641003554,0.002113309595227699,0.0,8970,0.07697179576354296
4,cpi,8,0.1494720897578289,0.019863622220432593,5.706546346573305e-14,10500,0.21123565956192225,0.019681526223269994,0.002382567221301864,2.220446049250313e-16,8940,0.07945935248590053
4,cpi,10,0.2105418529661118,0.027591499760891428,2.55351295663786e-14,10470,0.2125754375633263,0.0243211970165131,0.0036385619408990624,2.4608093340816595e-11,8910,0.080833967751895
4,cpi,12,0.14417255333968565,0.019048401626614187,4.085620730620576e-14,10440,0.2108893053790697,0.03329702788477177,0.005870395059916772,1.4557291594385902e-08,8880,0.0811093971868565
4,cpi,14,0.14462847831778022,0.019792566501727556,2.928768338961163e-13,10410,0.21085460645475174,0.023607543291736387,0.0046969491876687015,5.10310425916316e-07,8850,0.07452564480559709
4,cpi,16,0.09817154449425561,0.015933361472703016,7.480605024312581e-10,10380,0.20959726821144453,0.017138886340597265,0.0035652954014211216,1.5565105173642735e-06,8820,0.07515988414695451
4,cpi,18,0.10345152141422356,0.01434612215532346,5.939693181744587e-13,10350,0.2097351015968647,0.016760343884176233,0.0034202447236533037,9.739536528385884e-07,8790,0.07699553202243226
4,cpi,20,0.11223753236401895,0.016506151422920598,1.1064704708019235e-11,10320,0.20987258985843482,0.01704158985398729,0.003588878551921029,2.0826412439056696e-06,8760,0.07743810020708242
4,cpi,22,0.09082849695580707,0.013019489403222083,3.2172042807587786e-12,10290,0.2093763850292969,0.015632750082299463,0.003969263698152866,8.265200208645851e-05,8730,0.07490733345804823
4,cpi,24,0.1382679174434457,0.018046257271130565,1.9984014443252818e-14,10260,0.21029816109068833,0.01946865695988167,0.004574250565989317,2.1018273776096663e-05,8700,0.07472420272235636
4,cpi,26,0.10375283643022958,0.012933552158432875,1.1102230246251565e-15,10230,0.20976767622885995,0.05468957435048663,0.010734573075390637,3.5668332265537117e-07,8670,0.08484176392914611
8,fed_funds,4,-0.22304448112596936,0.07144010189526029,0.0018004538582574448,10500,0.3765024329568303,-0.005161775641338826,0.039387157339789695,0.8957369625125284,8880,0.07717737239817934
8,fed_funds,6,-0.7497926077513912,0.12343031489352758,1.2862955145465094e-09,10470,0.3776445673879393,-0.03355413222731269,0.028838622757368093,0.24465273520642694,8850,0.07741372307903394
8,fed_funds,8,-0.6047402534950134,0.19848472837702458,0.002318847529088508,10440,0.3770534089387989,-0.030290251825679876,0.03131085611941022,0.3333687515695123,8820,0.07747857522377088
8,fed_funds,10,-0.34555328568388394,0.1873660565531421,0.06517262875024676,10410,0.3766384344920477,-0.03485392664163363,0.03060540160350044,0.25481108258451757,8790,0.07760594209133342
8,fed_funds,12,-0.21971304842940312,0.1378450920000546,0.11098623060444668,10380,0.3764519850252652,-0.05489130596870687,0.040093382819579394,0.1710076098356652,8760,0.07783933475941851
8,fed_funds,14,0.06201984146234709,0.08871568828260763,0.48451448192425284,10350,0.37636328870601676,-0.0754260040022472,0.0435768730211442,0.08351011511603068,8730,0.0782579180389229
8,fed_funds,16,-0.23401864855589075,0.10371281198742448,0.024065926287936357,10320,0.3764527632126392,-0.10755824031299877,0.031075681078233285,0.0005404325239968255,8700,0.0793590461571666
8,fed_funds,18,-0.05990010377136648,0.0696452736056585,0.38976830655083017,10290,0.3763451879589317,-0.062440407658550495,0.023489693079585042,0.007870339723899722,8670,0.0783474221544106
8,fed_funds,20,-0.6987249045342698,0.0910048069116425,1.7541523789077473e-14,10260,0.3773687157109684,-0.036674325399674405,0.031390721436536935,0.24271122900397657,8640,0.07915856860297843
8,fed_funds,22,-0.44232342815132275,0.13122071457299522,0.0007521981227833763,10230,0.37681048870308287,0.034715685358114395,0.02656786881746702,0.19135678238106246,8610,0.07967831783757662
8,fed_funds,24,0.157607986421213,0.13341642626707872,0.23750188284918528,10200,0.37641074011580156,0.025689089826357554,0.03096902041851278,0.4068395275200416,8580,0.07879199704700557
8,fed_funds,26,0.6043420027175903,0.09197463711864702,5.253109058855898e-11,10170,0.37706475268994466,0.05023005503960493,0.03945153673902645,0.20297871302629122,8550,0.0783199161755983
8,cpi,4,0.042048395176221436,0.018045702830076574,0.019819540066458474,10500,0.3765593507558045,0.013894517792213021,0.002291988896088204,1.3977627943972948e-09,8880,0.08153566073174712
8,cpi,6,0.05546387745732635,0.02098144574377644,0.008218346800813014,10470,0.37660432498840524,0.013532207168067677,0.0022894112408731173,3.5317948565705137e-09,8850,0.0815652495478073
8,cpi,8,0.03560128757305391,0.019384513104593534,0.0662999269397524,10440,0.37648648600625256,0.01397526565803231,0.0024006423008785176,6.0386360356545765e-09,8820,0.08173314888033023
8,cpi,10,0.037173644144417345,0.022686694197876982,0.10133411480312482,10410,0.37645477408633576,0.011556377133778245,0.0025863094394158823,7.98413483260596e-06,8790,0.07948518068502197
8,cpi,12,0.015124286663241204,0.017906199889771105,0.3983316530973051,10380,0.3763820124699022,0.019580935950005842,0.0049898935673561556,8.771813177821386e-05,8760,0.08075194675509245
8,cpi,14,0.009862503967862894,0.015377893502041357,0.5213141690870939,10350,0.37636142183511356,0.013687815617753925,0.004596509014949139,0.0029106011728448067,8730,0.0791516281763206
8,cpi,16,0.01920070111623194,0.01485133235723139,0.1960884423441811,10320,0.3763718541965211,0.011111509771531624,0.003128369137360431,0.00038456509401285643,8700,0.07975734842346227
8,cpi,18,0.01396396538059533,0.014324161766496285,0.3296557902362973,10290,0.3763522718738844,0.00642858086395439,0.0028778303048314206,0.025519901999486727,8670,0.0784713344991983
8,cpi,20,0.021187255207759194,0.012272350368637221,0.08430183103410571,10260,0.3764225885967689,0.0026035714868101628,0.002821496572085279,0.3561568872041383,8640,0.07901236495544506
8,cpi,22,0.030833024263005274,0.01334044170784545,0.0208392558827466,10230,0.37646035404019695,-0.0036777131196118608,0.0025636296113103895,0.15144546536568537,8610,0.07966510223982737
8,cpi,24,0.07815811172399384,0.017978973723953705,1.3923559885942183e-05,10200,0.3767347831942993,-0.0009157550398631801,0.0030826577985211758,0.7664228138651199,8580,0.0786678676838577
8,cpi,26,0.02193256859435937,0.014642375732657253,0.13419484107137736,10170,0.37636464363550315,0.019085140016077577,0.012343197706107227,0.122091825193132,8550,0.07937979240579163
13,fed_funds,4,-0.16232266672490386,0.09242357304620759,0.07906833011364367,10425,0.36527837549213105,-1.6164619729763312e-05,0.034512497436243704,0.9996263055686401,8730,0.09128542175563692
13,fed_funds,6,-0.14266956322564053,0.08713440759633206,0.10158773208578809,10395,0.3652340907957833,-0.03414716595038794,0.02909642723925038,0.24059315864044795,8700,0.09132309964959429
13,fed_funds,8,0.4802533883530251,0.08264699994049494,6.398204188684531e-09,10365,0.3656534754165873,-0.06140043633173869,0.027117670418655673,0.023585208522502565,8670,0.09180983867498826
13,fed_funds,10,0.4523003841984373,0.08086688446993853,2.2870053406620627e-08,10335,0.3656828800212433,-0.08546057217735978,0.026632799413383233,0.0013375862379392256,8640,0.09252958756961105
13,fed_funds,12,0.8518792934468317,0.1996341985993263,1.997222043148561e-05,10305,0.3666667247812425,-0.0782359624617848,0.027821018712215956,0.00493287363740702,8610,0.09200561299897991
13,fed_funds,14,0.41235251059309336,0.11655470621901755,0.0004051983309965035,10275,0.36560737622906325,-0.0674179203055127,0.04343991321729694,0.12070391031966232,8580,0.09209476639265934
13,fed_funds,16,0.09188689411549548,0.11322274031374047,0.41706390731903387,10245,0.3652139455762886,-0.00284024848799322,0.034741385069330194,0.9348442338048757,8550,0.09290371381494322
13,fed_funds,18,0.6762891858246775,0.1721617281549709,8.614387855665484e-05,10215,0.3663711717031164,-0.003751276692540867,0.02469698085042626,0.8792756481526129,8520,0.09279445699740974
13,fed_funds,20,0.7765204021295552,0.18765817855084152,3.5325849722545044e-05,10185,0.36651348156841435,0.00877382960966813,0.021135206885241332,0.6780583019698871,8490,0.09253222080409629
13,fed_funds,22,0.7252912832811681,0.1611129387357107,6.814977849156634e-06,10155,0.3663883040828555,0.01743688831102737,0.02165246439185564,0.42066514637065344,8460,0.09220298254754156
13,fed_funds,24,0.7457190134054217,0.1292776741191263,8.241401783237734e-09,10125,0.3663850894118653,0.014111791280620792,0.020395529310189325,0.48901548763458513,8430,0.09110327900605097
13,fed_funds,26,0.7410988074173775,0.12024062659990217,7.39089456303077e-10,10095,0.36625704792767866,0.027704140464504444,0.03063716664174737,0.3658806194676303,8400,0.09034105679888338
13,cpi,4,-0.042685288236922116,0.00992082176866315,1.7035838604240183e-05,10425,0.36539425179095353,0.009427163976890827,0.0025699428703077442,0.00024569044628841574,8730,0.09270842303583438
13,cpi,6,-0.08843675818001474,0.020616579319389226,1.8062921599781845e-05,10395,0.36578197817746616,0.011949161234666345,0.0024790424281972245,1.4595482440427077e-06,8700,0.09355629087866069
13,cpi,8,-0.09202166582456064,0.017003238868850207,6.372043448443776e-08,10365,0.36590133830803717,0.012927544086781775,0.0025597200238377774,4.499934167512265e-07,8670,0.09387706969989462
13,cpi,10,-0.11090278734681726,0.022776325893610692,1.137144072460572e-06,10335,0.36597152549660583,0.015349107485126136,0.0031680544968210804,1.2885431752707177e-06,8640,0.0939757762067921
13,cpi,12,-0.08744864044193423,0.016602584717781033,1.4135542802939938e-07,10305,0.36579936602880525,0.01115179618962126,0.006757953233503012,0.09894416482008928,8610,0.09208933441850209
13,cpi,14,-0.06840779776284227,0.01511099373360036,6.049808882524488e-06,10275,0.3655407691218313,-0.00037710616099129516,0.0036931319149505325,0.9186716674837985,8580,0.09158315700054476
13,cpi,16,-0.052847185889890035,0.013075618233492743,5.346509411063849e-05,10245,0.3654447834424762,-0.006022343648094134,0.0023500781511590395,0.01040583060306366,8550,0.09339986101627196
13,cpi,18,-0.026375626579487322,0.010957138187711967,0.01609469997238122,10215,0.3652281583013992,-0.0051406024469487265,0.0019467422699727588,0.008290700477700419,8520,0.09324558174762132
13,cpi,20,-0.04437815862309701,0.011413992178952526,0.00010169927410275115,10185,0.36529900320067854,-0.00513344233654991,0.002082137897766881,0.013703249896764191,8490,0.09297238174068945
13,cpi,22,-0.04827368525568431,0.010802092486555871,7.947270624919511e-06,10155,0.36529464198093653,-0.006572865159116246,0.0027687627624350844,0.017621959007272592,8460,0.09277986808625927
13,cpi,24,-0.029807670339240352,0.011921891809305767,0.012426479109481692,10125,0.3650995558993908,-0.00251888319982255,0.0030568710397859034,0.4099590475972765,8430,0.09113089679217445
13,cpi,26,-0.002297875507062355,0.009732544482093805,0.8133581613230789,10095,0.36498546473434246,0.0022811187757692144,0.011733715123412506,0.8458617822903509,8400,0.09029473689645295
