date,fed_funds,cpi
2012-12-31,0.16,231.249
2013-01-07,0.16,231.249
2013-01-14,0.16,231.221
2013-01-21,0.16,231.221
2013-01-28,0.16,231.221
2013-02-04,0.14,231.221
2013-02-11,0.14,231.221
2013-02-18,0.14,231.679
2013-02-25,0.14,231.679
2013-03-04,0.14,231.679
2013-03-11,0.15,231.679
2013-03-18,0.15,232.937
2013-03-25,0.15,232.937
2013-04-01,0.15,232.937
2013-04-08,0.14,232.937
2013-04-15,0.14,232.282
2013-04-22,0.14,232.282
2013-04-29,0.14,232.282
2013-05-06,0.15,232.282
2013-05-13,0.15,231.797
2013-05-20,0.15,231.797
2013-05-27,0.15,231.797
2013-06-03,0.11,231.797
2013-06-10,0.11,231.797
2013-06-17,0.11,231.893
2013-06-24,0.11,231.893
2013-07-01,0.11,231.893
2013-07-08,0.09,231.893
2013-07-15,0.09,232.445
2013-07-22,0.09,232.445
2013-07-29,0.09,232.445
2013-08-05,0.09,232.445
2013-08-12,0.09,232.9
2013-08-19,0.09,232.9
2013-08-26,0.09,232.9
2013-09-02,0.08,232.9
2013-09-09,0.08,232.9
2013-09-16,0.08,233.456
2013-09-23,0.08,233.456
2013-09-30,0.08,233.456
2013-10-07,0.08,233.456
2013-10-14,0.08,233.544
2013-10-21,0.08,233.544
2013-10-28,0.08,233.544
2013-11-04,0.09,233.544
2013-11-11,0.09,233.544
2013-11-18,0.09,233.669
2013-11-25,0.09,233.669
2013-12-02,0.09,233.669
2013-12-09,0.08,233.669
2013-12-16,0.08,234.1
2013-12-23,0.08,234.1
2013-12-30,0.08,234.1
2014-01-06,0.09,234.1
2014-01-13,0.09,234.719
2014-01-20,0.09,234.719
2014-01-27,0.09,234.719
2014-02-03,0.07,234.719
2014-02-10,0.07,234.719
2014-02-17,0.07,235.288
2014-02-24,0.07,235.288
2014-03-03,0.07,235.288
2014-03-10,0.07,235.288
2014-03-17,0.07,235.547
2014-03-24,0.07,235.547
2014-03-31,0.07,235.547
2014-04-07,0.08,235.547
2014-04-14,0.08,236.028
2014-04-21,0.08,236.028
2014-04-28,0.08,236.028
2014-05-05,0.09,236.028
2014-05-12,0.09,236.028
2014-05-19,0.09,236.468
2014-05-26,0.09,236.468
2014-06-02,0.09,236.468
2014-06-09,0.09,236.468
2014-06-16,0.09,236.918
2014-06-23,0.09,236.918
2014-06-30,0.09,236.918
2014-07-07,0.1,236.918
2014-07-14,0.1,237.231
2014-07-21,0.1,237.231
2014-07-28,0.1,237.231
2014-08-04,0.09,237.231
2014-08-11,0.09,237.231
2014-08-18,0.09,237.498
2014-08-25,0.09,237.498
2014-09-01,0.09,237.498
2014-09-08,0.09,237.498
2014-09-15,0.09,237.46
2014-09-22,0.09,237.46
2014-09-29,0.09,237.46
2014-10-06,0.09,237.46
2014-10-13,0.09,237.477
2014-10-20,0.09,237.477
2014-10-27,0.09,237.477
2014-11-03,0.09,237.477
2014-11-10,0.09,237.477
2014-11-17,0.09,237.43
2014-11-24,0.09,237.43
2014-12-01,0.09,237.43
2014-12-08,0.09,237.43
2014-12-15,0.09,236.983
2014-12-22,0.09,236.983
2014-12-29,0.09,236.983
2015-01-05,0.12,236.983
2015-01-12,0.12,236.252
2015-01-19,0.12,236.252
2015-01-26,0.12,236.252
2015-02-02,0.11,236.252
2015-02-09,0.11,236.252
2015-02-16,0.11,234.747
2015-02-23,0.11,234.747
2015-03-02,0.11,234.747
2015-03-09,0.11,234.747
2015-03-16,0.11,235.342
2015-03-23,0.11,235.342
2015-03-30,0.11,235.342
2015-04-06,0.11,235.342
2015-04-13,0.11,235.976
2015-04-20,0.11,235.976
2015-04-27,0.11,235.976
2015-05-04,0.12,235.976
2015-05-11,0.12,235.976
2015-05-18,0.12,236.222
2015-05-25,0.12,236.222
2015-06-01,0.12,236.222
2015-06-08,0.12,236.222
2015-06-15,0.12,237.001
2015-06-22,0.12,237.001
2015-06-29,0.12,237.001
2015-07-06,0.13,237.001
2015-07-13,0.13,237.657
2015-07-20,0.13,237.657
2015-07-27,0.13,237.657
2015-08-03,0.13,237.657
2015-08-10,0.13,237.657
2015-08-17,0.13,238.034
2015-08-24,0.13,238.034
2015-08-31,0.13,238.034
2015-09-07,0.14,238.034
2015-09-14,0.14,238.033
2015-09-21,0.14,238.033
2015-09-28,0.14,238.033
2015-10-05,0.14,238.033
2015-10-12,0.14,238.033
2015-10-19,0.14,237.498
2015-10-26,0.14,237.498
2015-11-02,0.12,237.498
2015-11-09,0.12,237.498
2015-11-16,0.12,237.733
2015-11-23,0.12,237.733
2015-11-30,0.12,237.733
2015-12-07,0.12,237.733
2015-12-14,0.12,238.017
2015-12-21,0.12,238.017
2015-12-28,0.12,238.017
2016-01-04,0.24,238.017
2016-01-11,0.24,238.017
2016-01-18,0.24,237.761
2016-01-25,0.24,237.761
2016-02-01,0.24,237.761
2016-02-08,0.34,237.761
2016-02-15,0.34,237.652
2016-02-22,0.34,237.652
2016-02-29,0.34,237.652
2016-03-07,0.38,237.652
2016-03-14,0.38,237.336
2016-03-21,0.38,237.336
2016-03-28,0.38,237.336
2016-04-04,0.36,237.336
2016-04-11,0.36,237.336
2016-04-18,0.36,238.08
2016-04-25,0.36,238.08
2016-05-02,0.36,238.08
2016-05-09,0.37,238.08
2016-05-16,0.37,238.992
2016-05-23,0.37,238.992
2016-05-30,0.37,238.992
2016-06-06,0.37,238.992
2016-06-13,0.37,239.557
2016-06-20,0.37,239.557
2016-06-27,0.37,239.557
2016-07-04,0.38,239.557
2016-07-11,0.38,239.557
2016-07-18,0.38,240.222
2016-07-25,0.38,240.222
2016-08-01,0.38,240.222
2016-08-08,0.39,240.222
2016-08-15,0.39,240.101
2016-08-22,0.39,240.101
2016-08-29,0.39,240.101
2016-09-05,0.4,240.101
2016-09-12,0.4,240.545
2016-09-19,0.4,240.545
2016-09-26,0.4,240.545
2016-10-03,0.4,240.545
2016-10-10,0.4,240.545
2016-10-17,0.4,241.176
2016-10-24,0.4,241.176
2016-10-31,0.4,241.176
2016-11-07,0.4,241.176
2016-11-14,0.4,241.741
2016-11-21,0.4,241.741
2016-11-28,0.4,241.741
2016-12-05,0.41,241.741
2016-12-12,0.41,241.741
2016-12-19,0.41,242.026
2016-12-26,0.41,242.026
2017-01-02,0.54,242.026
2017-01-09,0.54,242.026
2017-01-16,0.54,242.637
2017-01-23,0.54,242.637
2017-01-30,0.54,242.637
2017-02-06,0.65,242.637
2017-02-13,0.65,243.618
2017-02-20,0.65,243.618
2017-02-27,0.65,243.618
2017-03-06,0.66,243.618
2017-03-13,0.66,243.618
2017-03-20,0.66,244.006
2017-03-27,0.66,244.006
2017-04-03,0.79,244.006
2017-04-10,0.79,244.006
2017-04-17,0.79,243.892
2017-04-24,0.79,243.892
2017-05-01,0.79,243.892
2017-05-08,0.9,243.892
2017-05-15,0.9,244.193
2017-05-22,0.9,244.193
2017-05-29,0.9,244.193
2017-06-05,0.91,244.193
2017-06-12,0.91,244.004
2017-06-19,0.91,244.004
2017-06-26,0.91,244.004
2017-07-03,1.04,244.004
2017-07-10,1.04,244.004
2017-07-17,1.04,244.163
2017-07-24,1.04,244.163
2017-07-31,1.04,244.163
2017-08-07,1.15,244.163
2017-08-14,1.15,244.243
2017-08-21,1.15,244.243
2017-08-28,1.15,244.243
2017-09-04,1.16,244.243
2017-09-11,1.16,244.243
2017-09-18,1.16,245.183
2017-09-25,1.16,245.183
2017-10-02,1.16,245.183
2017-10-09,1.15,245.183
2017-10-16,1.15,246.435
2017-10-23,1.15,246.435
2017-10-30,1.15,246.435
2017-11-06,1.15,246.435
2017-11-13,1.15,246.626
2017-11-20,1.15,246.626
2017-11-27,1.15,246.626
2017-12-04,1.16,246.626
2017-12-11,1.16,246.626
2017-12-18,1.16,247.284
2017-12-25,1.16,247.284
2018-01-01,1.16,247.284
2018-01-08,1.3,247.284
2018-01-15,1.3,247.805
2018-01-22,1.3,247.805
2018-01-29,1.3,247.805
2018-02-05,1.41,247.805
2018-02-12,1.41,248.859
2018-02-19,1.41,248.859
2018-02-26,1.41,248.859
2018-03-05,1.42,248.859
2018-03-12,1.42,248.859
2018-03-19,1.42,249.529
2018-03-26,1.42,249.529
2018-04-02,1.51,249.529
2018-04-09,1.51,249.529
2018-04-16,1.51,249.577
2018-04-23,1.51,249.577
2018-04-30,1.51,249.577
2018-05-07,1.69,249.577
2018-05-14,1.69,250.227
2018-05-21,1.69,250.227
2018-05-28,1.69,250.227
2018-06-04,1.7,250.227
2018-06-11,1.7,250.227
2018-06-18,1.7,250.792
2018-06-25,1.7,250.792
2018-07-02,1.7,250.792
2018-07-09,1.82,250.792
2018-07-16,1.82,251.018
2018-07-23,1.82,251.018
2018-07-30,1.82,251.018
2018-08-06,1.91,251.018
2018-08-13,1.91,251.214
2018-08-20,1.91,251.214
2018-08-27,1.91,251.214
2018-09-03,1.91,251.214
2018-09-10,1.91,251.214
2018-09-17,1.91,251.663
2018-09-24,1.91,251.663
2018-10-01,1.91,251.663
2018-10-08,1.95,251.663
2018-10-15,1.95,252.182
2018-10-22,1.95,252.182
2018-10-29,1.95,252.182
2018-11-05,2.19,252.182
2018-11-12,2.19,252.772
2018-11-19,2.19,252.772
2018-11-26,2.19,252.772
2018-12-03,2.2,252.772
2018-12-10,2.2,252.772
2018-12-17,2.2,252.594
2018-12-24,2.2,252.594
2018-12-31,2.2,252.594
2019-01-07,2.27,252.594
2019-01-14,2.27,252.767
2019-01-21,2.27,252.767
2019-01-28,2.27,252.767
2019-02-04,2.4,252.767
2019-02-11,2.4,252.767
2019-02-18,2.4,252.561
2019-02-25,2.4,252.561
2019-03-04,2.4,252.561
2019-03-11,2.4,252.561
2019-03-18,2.4,253.319
2019-03-25,2.4,253.319
2019-04-01,2.4,253.319
2019-04-08,2.41,253.319
2019-04-15,2.41,254.277
2019-04-22,2.41,254.277
2019-04-29,2.41,254.277
2019-05-06,2.42,254.277
2019-05-13,2.42,255.233
2019-05-20,2.42,255.233
2019-05-27,2.42,255.233
2019-06-03,2.39,255.233
2019-06-10,2.39,255.233
2019-06-17,2.39,255.296
2019-06-24,2.39,255.296
2019-07-01,2.39,255.296
2019-07-08,2.38,255.296
2019-07-15,2.38,255.213
2019-07-22,2.38,255.213
2019-07-29,2.38,255.213
2019-08-05,2.4,255.213
2019-08-12,2.4,255.802
2019-08-19,2.4,255.802
2019-08-26,2.4,255.802
2019-09-02,2.13,255.802
2019-09-09,2.13,255.802
2019-09-16,2.13,256.036
2019-09-23,2.13,256.036
2019-09-30,2.13,256.036
2019-10-07,2.04,256.036
2019-10-14,2.04,256.43
2019-10-21,2.04,256.43
2019-10-28,2.04,256.43
2019-11-04,1.83,256.43
2019-11-11,1.83,256.43
2019-11-18,1.83,257.155
2019-11-25,1.83,257.155
2019-12-02,1.83,257.155
2019-12-09,1.55,257.155
2019-12-16,1.55,257.879
2019-12-23,1.55,257.879
2019-12-30,1.55,257.879
2020-01-06,1.55,257.879
2020-01-13,1.55,258.63
2020-01-20,1.55,258.63
2020-01-27,1.55,258.63
2020-02-03,1.55,258.63
2020-02-10,1.55,258.63
2020-02-17,1.55,259.127
2020-02-24,1.55,259.127
2020-03-02,1.55,259.127
2020-03-09,1.58,259.127
2020-03-16,1.58,259.25
2020-03-23,1.58,259.25
2020-03-30,1.58,259.25
2020-04-06,0.65,259.25
2020-04-13,0.65,258.076
2020-04-20,0.65,258.076
2020-04-27,0.65,258.076
2020-05-04,0.05,258.076
2020-05-11,0.05,258.076
2020-05-18,0.05,256.032
2020-05-25,0.05,256.032
2020-06-01,0.05,256.032
2020-06-08,0.05,256.032
2020-06-15,0.05,255.802
2020-06-22,0.05,255.802
2020-06-29,0.05,255.802
2020-07-06,0.08,255.802
2020-07-13,0.08,257.042
2020-07-20,0.08,257.042
2020-07-27,0.08,257.042
2020-08-03,0.09,257.042
2020-08-10,0.09,257.042
2020-08-17,0.09,258.352
2020-08-24,0.09,258.352
2020-08-31,0.09,258.352
2020-09-07,0.1,258.352
2020-09-14,0.1,259.316
2020-09-21,0.1,259.316
2020-09-28,0.1,259.316
2020-10-05,0.09,259.316
2020-10-12,0.09,259.316
2020-10-19,0.09,259.997
2020-10-26,0.09,259.997
2020-11-02,0.09,259.997
2020-11-09,0.09,259.997
2020-11-16,0.09,260.319
2020-11-23,0.09,260.319
2020-11-30,0.09,260.319
2020-12-07,0.09,260.319
2020-12-14,0.09,260.911
2020-12-21,0.09,260.911
2020-12-28,0.09,260.911
2021-01-04,0.09,260.911
2021-01-11,0.09,260.911
2021-01-18,0.09,262.045
2021-01-25,0.09,262.045
2021-02-01,0.09,262.045
2021-02-08,0.09,262.045
2021-02-15,0.09,262.687
2021-02-22,0.09,262.687
2021-03-01,0.09,262.687
2021-03-08,0.08,262.687
2021-03-15,0.08,263.579
2021-03-22,0.08,263.579
2021-03-29,0.08,263.579
2021-04-05,0.07,263.579
2021-04-12,0.07,264.961
2021-04-19,0.07,264.961
2021-04-26,0.07,264.961
2021-05-03,0.07,264.961
2021-05-10,0.07,264.961
2021-05-17,0.07,266.614
2021-05-24,0.07,266.614
2021-05-31,0.07,266.614
2021-06-07,0.06,266.614
2021-06-14,0.06,268.383
2021-06-21,0.06,268.383
2021-06-28,0.06,268.383
2021-07-05,0.08,268.383
2021-07-12,0.08,268.383
2021-07-19,0.08,270.654
2021-07-26,0.08,270.654
2021-08-02,0.1,270.654
2021-08-09,0.1,270.654
2021-08-16,0.1,271.903
2021-08-23,0.1,271.903
2021-08-30,0.1,271.903
2021-09-06,0.09,271.903
2021-09-13,0.09,272.676
2021-09-20,0.09,272.676
2021-09-27,0.09,272.676
2021-10-04,0.08,272.676
2021-10-11,0.08,272.676
2021-10-18,0.08,273.91
2021-10-25,0.08,273.91
2021-11-01,0.08,273.91
2021-11-08,0.08,273.91
2021-11-15,0.08,276.55
2021-11-22,0.08,276.55
2021-11-29,0.08,276.55
2021-12-06,0.08,276.55
2021-12-13,0.08,278.919
2021-12-20,0.08,278.919
2021-12-27,0.08,278.919
2022-01-03,0.08,278.919
2022-01-10,0.08,278.919
2022-01-17,0.08,280.845
2022-01-24,0.08,280.845
2022-01-31,0.08,280.845
2022-02-07,0.08,280.845
2022-02-14,0.08,282.543
2022-02-21,0.08,282.543
2022-02-28,0.08,282.543
2022-03-07,0.08,282.543
2022-03-14,0.08,282.543
2022-03-21,0.08,284.5
2022-03-28,0.08,284.5
2022-04-04,0.2,284.5
2022-04-11,0.2,284.5
2022-04-18,0.2,287.674
2022-04-25,0.2,287.674
2022-05-02,0.2,287.674
2022-05-09,0.33,287.674
2022-05-16,0.33,288.561
2022-05-23,0.33,288.561
2022-05-30,0.33,288.561
2022-06-06,0.77,288.561
2022-06-13,0.77,291.298
2022-06-20,0.77,291.298
2022-06-27,0.77,291.298
2022-07-04,1.21,291.298
2022-07-11,1.21,291.298
2022-07-18,1.21,294.957
2022-07-25,1.21,294.957
2022-08-01,1.21,294.957
2022-08-08,1.68,294.957
2022-08-15,1.68,294.913
2022-08-22,1.68,294.913
2022-08-29,1.68,294.913
2022-09-05,2.33,294.913
2022-09-12,2.33,295.097
2022-09-19,2.33,295.097
2022-09-26,2.33,295.097
2022-10-03,2.56,295.097
2022-10-10,2.56,295.097
2022-10-17,2.56,296.349
2022-10-24,2.56,296.349
2022-10-31,2.56,296.349
2022-11-07,3.08,296.349
2022-11-14,3.08,298.007
2022-11-21,3.08,298.007
2022-11-28,3.08,298.007
2022-12-05,3.78,298.007
2022-12-12,3.78,298.007
2022-12-19,3.78,298.786
2022-12-26,3.78,298.786
2023-01-02,4.1,298.786
2023-01-09,4.1,298.786
2023-01-16,4.1,298.832
2023-01-23,4.1,298.832
2023-01-30,4.1,298.832
2023-02-06,4.33,298.832
2023-02-13,4.33,300.42
2023-02-20,4.33,300.42
2023-02-27,4.33,300.42
2023-03-06,4.57,300.42
2023-03-13,4.57,300.42
2023-03-20,4.57,301.45
2023-03-27,4.57,301.45
2023-04-03,4.65,301.45
2023-04-10,4.65,301.45
2023-04-17,4.65,301.821
2023-04-24,4.65,301.821
2023-05-01,4.65,301.821
2023-05-08,4.83,301.821
2023-05-15,4.83,302.845
2023-05-22,4.83,302.845
2023-05-29,4.83,302.845
2023-06-05,5.06,302.845
2023-06-12,5.06,303.334
2023-06-19,5.06,303.334
2023-06-26,5.06,303.334
2023-07-03,5.08,303.334
2023-07-10,5.08,303.334
2023-07-17,5.08,304.014
2023-07-24,5.08,304.014
2023-07-31,5.08,304.014
2023-08-07,5.12,304.014
2023-08-14,5.12,304.609
2023-08-21,5.12,304.609
2023-08-28,5.12,304.609
2023-09-04,5.33,304.609
2023-09-11,5.33,304.609
2023-09-18,5.33,306.082
2023-09-25,5.33,306.082
2023-10-02,5.33,306.082
2023-10-09,5.33,306.082
2023-10-16,5.33,307.276
2023-10-23,5.33,307.276
2023-10-30,5.33,307.276
2023-11-06,5.33,307.276
2023-11-13,5.33,307.696
2023-11-20,5.33,307.696
2023-11-27,5.33,307.696
2023-12-04,5.33,307.696
2023-12-11,5.33,307.696
2023-12-18,5.33,308.148
2023-12-25,5.33,308.148
2024-01-01,5.33,308.148
2024-01-08,5.33,308.148
2024-01-15,5.33,308.741
2024-01-22,5.33,308.741
2024-01-29,5.33,308.741
2024-02-05,5.33,308.741
2024-02-12,5.33,309.698
2024-02-19,5.33,309.698
2024-02-26,5.33,309.698
2024-03-04,5.33,309.698
2024-03-11,5.33,309.698
2024-03-18,5.33,310.967
2024-03-25,5.33,310.967
2024-04-01,5.33,310.967
2024-04-08,5.33,310.967
2024-04-15,5.33,312.345
2024-04-22,5.33,312.345
2024-04-29,5.33,312.345
2024-05-06,5.33,312.345
2024-05-13,5.33,313.023
2024-05-20,5.33,313.023
2024-05-27,5.33,313.023
2024-06-03,5.33,313.023
2024-06-10,5.33,313.023
2024-06-17,5.33,313.175
2024-06-24,5.33,313.175
2024-07-01,5.33,313.175
2024-07-08,5.33,313.175
2024-07-15,5.33,313.044
2024-07-22,5.33,313.044
2024-07-29,5.33,313.044
2024-08-05,5.33,313.044
2024-08-12,5.33,313.569
2024-08-19,5.33,313.569
2024-08-26,5.33,313.569
2024-09-02,5.33,313.569
2024-09-09,5.33,313.569
2024-09-16,5.33,314.062
2024-09-23,5.33,314.062
2024-09-30,5.33,314.062
2024-10-07,5.13,314.062
2024-10-14,5.13,314.732
2024-10-21,5.13,314.732
2024-10-28,5.13,314.732
2024-11-04,4.83,314.732
2024-11-11,4.83,314.732
2024-11-18,4.83,315.631
2024-11-25,4.83,315.631
2024-12-02,4.83,315.631
2024-12-09,4.64,315.631
2024-12-16,4.64,316.528
2024-12-23,4.64,316.528
2024-12-30,4.64,316.528
2025-01-06,4.48,316.528
2025-01-13,4.48,317.604
2025-01-20,4.48,317.604
2025-01-27,4.48,317.604
2025-02-03,4.33,317.604
2025-02-10,4.33,317.604
2025-02-17,4.33,318.961
2025-02-24,4.33,318.961
2025-03-03,4.33,318.961
2025-03-10,4.33,318.961
2025-03-17,4.33,319.679
2025-03-24,4.33,319.679
2025-03-31,4.33,319.679
2025-04-07,4.33,319.679
2025-04-14,4.33,319.785
2025-04-21,4.33,319.785
2025-04-28,4.33,319.785
2025-05-05,4.33,319.785
2025-05-12,4.33,319.785
2025-05-19,4.33,320.302
2025-05-26,4.33,320.302
2025-06-02,4.33,320.302
2025-06-09,4.33,320.302
2025-06-16,4.33,320.62
2025-06-23,4.33,320.62
2025-06-30,4.33,320.62
2025-07-07,4.33,320.62
2025-07-14,4.33,321.435
2025-07-21,4.33,321.435
2025-07-28,4.33,321.435
2025-08-04,4.33,321.435
2025-08-11,4.33,321.435
2025-08-18,4.33,322.169
2025-08-25,4.33,322.169
2025-09-01,4.33,322.169
2025-09-08,4.33,322.169
2025-09-15,4.33,323.291
2025-09-22,4.33,323.291
2025-09-29,4.33,323.291
2025-10-06,4.22,323.291
2025-10-13,4.22,324.245
2025-10-20,4.22,324.245
2025-10-27,4.22,324.245
2025-11-03,4.09,324.245
2025-11-10,4.09,324.245
2025-11-17,4.09,324.245
2025-11-24,4.09,324.245
2025-12-01,4.09,324.245
2025-12-08,3.88,324.245
2025-12-15,3.88,325.063
2025-12-22,3.88,325.063
2025-12-29,3.88,325.063
2026-01-05,3.72,325.063
2026-01-12,3.72,326.031
2026-01-19,3.72,326.031
2026-01-26,3.72,326.031
2026-02-02,3.64,326.031
2026-02-09,3.64,326.031
2026-02-16,3.64,326.588
2026-02-23,3.64,326.588
2026-03-02,3.64,326.588
2026-03-09,3.64,326.588
2026-03-16,3.64,327.46
2026-03-23,3.64,327.46
2026-03-30,3.64,327.46
2026-04-06,3.64,327.46
2026-04-13,3.64,330.293
2026-04-20,3.64,330.293
2026-04-27,3.64,330.293
2026-05-04,3.64,330.293
2026-05-11,3.64,330.293
2026-05-18,3.64,332.407
2026-05-25,3.64,332.407
2026-06-01,3.64,332.407
2026-06-08,3.63,332.407
2026-06-15,3.63,333.979
2026-06-22,3.63,333.979
2026-06-29,3.63,333.979
2026-07-06,3.63,333.979
2026-07-13,3.63,332.568
2026-07-20,3.63,332.568
2026-07-27,3.63,332.568
2026-08-03,3.63,332.568
2026-08-10,3.63,332.568
2026-08-17,3.63,332.813
2026-08-24,3.63,332.813
2026-08-31,3.63,332.813
