horizon,lag,coef,p_clustered,se_clustered,p_dk,se_dk,sig_dk
4,4,0.01668157507060845,1.3766765505351941e-14,0.002163084004082928,0.004571347568685047,0.005881040830889083,True
4,6,0.017673982641003554,0.0,0.002113309595227699,0.0014070134116068722,0.005533127396815264,True
4,8,0.019681526223269994,2.220446049250313e-16,0.002382567221301864,3.7145367983937305e-05,0.004769374754889433,True
4,10,0.0243211970165131,2.4608093340816595e-11,0.0036385619408990624,0.000742985849329747,0.007207593396610174,True
4,12,0.03329702788477177,1.4557291594385902e-08,0.005870395059916772,0.01888930392879873,0.014180160151512671,True
4,14,0.023607543291736387,5.10310425916316e-07,0.0046969491876687015,0.09342776254916862,0.014070794951004965,False
4,16,0.017138886340597265,1.5565105173642735e-06,0.0035652954014211216,0.02695000379669099,0.007745992237229122,True
4,18,0.016760343884176233,9.739536528385884e-07,0.0034202447236533037,0.0010502344709188982,0.005113269127298383,True
4,20,0.01704158985398729,2.0826412439056696e-06,0.003588878551921029,0.0012786919103437988,0.005289507362226112,True
4,22,0.015632750082299463,8.265200208645851e-05,0.003969263698152866,0.006850572083529016,0.005779909373720698,True
4,24,0.01946865695988167,2.1018273776096663e-05,0.004574250565989317,0.11470662614176219,0.012341104791932811,False
4,26,0.05468957435048663,3.5668332265537117e-07,0.010734573075390637,1.115551616415189e-06,0.01122165727318068,True
8,4,0.013894517792213021,1.3977627943972948e-09,0.002291988896088204,4.4323993634076686e-05,0.003400727579753248,True
8,6,0.013532207168067677,3.5317948565705137e-09,0.0022894112408731173,0.00010527201774013228,0.0034877919212706115,True
8,8,0.01397526565803231,6.0386360356545765e-09,0.0024006423008785176,0.0004253276665497907,0.003964391374087326,True
8,10,0.011556377133778245,7.98413483260596e-06,0.0025863094394158823,0.014178256509316034,0.00471072032629809,True
8,12,0.019580935950005842,8.771813177821386e-05,0.0049898935673561556,0.04868047552149135,0.009931210859163367,True
8,14,0.013687815617753925,0.0029106011728448067,0.004596509014949139,0.11938072082148055,0.008788143889442239,False
8,16,0.011111509771531624,0.00038456509401285643,0.003128369137360431,0.056648462380100684,0.005828930701215733,False
8,18,0.00642858086395439,0.025519901999486727,0.0028778303048314206,0.13830726876170973,0.004337007965954966,False
13,16,-0.006022343648094134,0.01040583060306366,0.0023500781511590395,0.31068196728867514,0.0059400581929198275,False
13,18,-0.0051406024469487265,0.008290700477700419,0.0019467422699727588,0.3120178245443599,0.0050843818850735325,False
13,20,-0.00513344233654991,0.013703249896764191,0.002082137897766881,0.2779271166875774,0.004731031542144905,False
13,22,-0.006572865159116246,0.017621959007272592,0.0027687627624350844,0.18076836769477178,0.00491060491541407,False
