horizon,state,naive,ar,macro,blend,fused,naive_rmse,fused_rmse,ar_rmse
4,Arizona,13.761349119010571,13.709060015174973,14.568660901462502,14.068255009878603,13.721521183776398,496.0802781214565,495.3742469111444,495.1075574511713
4,California,8.918272682940417,8.904731678920221,9.13794396325542,8.996016185666894,8.907357313150294,4446.305026454579,4446.255199047262,4445.252562996746
4,Colorado,12.63835507990558,12.155975015448234,13.676601403603996,12.797080799740476,12.178471224542838,414.4763998285473,400.8932683804883,400.445184565253
4,Florida,14.807259308302049,13.406998833789856,16.45244727664941,14.759130011308574,13.453514846491387,1035.98621528207,955.1338523583447,952.8778471682464
4,Georgia,23.056524112403046,22.852137230019757,26.980172006627846,24.623300648781655,22.910268635650667,1520.0135086658515,1521.63254014648,1520.1515489083667
4,Illinois,14.907933461949526,14.92125906798223,15.573000136840733,15.16917862309809,14.928746202501515,1764.0934239404621,1768.25565762379,1767.7234660840973
4,Louisiana,15.940708280467508,15.903670680612551,18.504884204998934,16.91964293690827,15.931714983334581,275.7581158024439,276.2490016485581,275.9980981650594
4,Massachusetts,20.241981610940826,20.2946750007555,22.747929166858086,21.235173659030494,20.31997382004044,1469.3871555111707,1474.7621693604233,1474.479251779478
4,Michigan,32.89296098178128,32.81321355228804,36.49142417501448,34.43488996091529,32.87343696192089,3165.956919165512,3176.8277313674016,3175.519196676113
4,New York,22.77793434940149,22.554821485423673,24.71921697765439,23.470342662742702,22.58359760920836,5057.094870790988,5042.068254040386,5041.355212603673
4,Oregon,21.950307227720877,21.922230001403708,23.687756080150443,22.719788917214924,21.95004692872414,1280.0997213142816,1283.3263898511893,1282.8710675877842
4,Tennessee,24.310936824742914,24.345562833821663,26.2193927594522,25.045617155103834,24.365825991251597,1045.70045518903,1051.9571496339559,1051.9189529203568
4,Texas,16.728311460613646,16.767550831822522,17.66961370098673,17.109082653204066,16.777557005595398,3095.8547120751236,3105.569611309085,3104.8324424570897
4,Washington,12.43883563786534,12.444577025202966,12.94132349305653,12.629638913926795,12.447950967166241,865.7421504875934,868.2123865468355,868.2153634715604
4,Wisconsin,19.885059809174457,19.80156985847979,20.72577367684865,20.16370622391908,19.812961094535343,1083.2140687287406,1086.7545015446956,1086.5698584788377
8,Arizona,15.393253548925722,15.31674044551754,16.231111625141455,15.702305186000562,15.341460033355709,580.3548876751504,579.7196298185564,579.1680107354755
8,California,9.978008177066913,9.975060815507955,10.208716483655211,10.064539741951787,9.97988587998699,5071.3879925701,5087.585172393705,5087.167759701546
8,Colorado,14.053248366306425,13.553897727657214,14.960051979234171,14.136978489478057,13.591115907425788,472.71906242219364,460.0870478877611,459.3262736940638
8,Florida,15.863828446853674,14.714188276537358,17.348071360891137,15.801687858279656,14.77814017724686,1142.9298940184624,1080.0940324774285,1077.2309566965791
8,Georgia,24.401331983570973,24.355093922016735,27.983793212179922,25.712905954360615,24.427111583565434,1675.1116944245325,1686.311977473418,1685.5629258319223
8,Illinois,18.441199968034518,18.44032557988836,19.243931259818766,18.772453460052432,18.46143696567305,2274.0030172965667,2283.4531933615135,2282.4567823559264
8,Louisiana,17.1604749372299,17.108445370405736,19.72701425780027,18.130320195484902,17.16306328324001,307.0082487217947,308.1358186072709,307.69679413581576
8,Massachusetts,24.898039558295523,24.942989314376625,27.747622961372667,26.12007748395731,25.01604769486875,1872.5478846332455,1884.3734922550555,1883.4512449752888
8,Michigan,38.94899488621614,38.866315282852774,42.83036966840846,40.5985204319991,38.98830642690859,3838.4618333658814,3863.4470604574003,3862.1282786975808
8,New York,23.11844898947708,22.861657171767455,24.97933159391589,23.740293478065205,22.915319386465946,5627.424221641497,5623.754668270596,5624.55514452861
8,Oregon,25.931109823031036,25.927375673419995,27.78829315702573,26.776146545669103,25.98555524398504,1537.046046346167,1547.5309995317828,1547.1549127749386
8,Tennessee,23.659581824498478,23.79701327178674,25.459861914517973,24.30729267592019,23.814142340232923,1095.184758917736,1109.1089792785156,1109.8626219021814
8,Texas,17.868811804307395,17.965264935987054,18.76263149042125,18.259705464536065,17.97952026276768,3476.7381303406105,3496.547224359207,3496.5835819077756
8,Washington,14.282226721961443,14.275764576080885,14.916138481456803,14.502169111567602,14.285659094171647,1030.5013408233135,1035.3671561999793,1035.4590638178797
8,Wisconsin,26.30913327878715,26.05122740870899,27.378073720310674,26.62664959623908,26.09083567129291,1414.0908752284024,1421.340662514191,1421.0451539725925
13,Arizona,17.550638742528164,17.49904698003437,18.379065422690157,17.85933987930296,17.52716810951737,660.1622867944347,660.8678238094456,660.4161964230477
13,California,10.715494739545772,10.721292212854749,10.978226981724122,10.81807525541904,10.727716605031992,5512.828570659341,5547.929382954191,5548.7908204406895
13,Colorado,14.458644489963461,13.964740305116099,15.349454328683077,14.500264644544524,14.002934656550396,499.4615033106417,488.8458055315114,488.19263028317397
13,Florida,16.368946424128467,15.266681371569124,17.801271709037092,16.249305440009323,15.329875946590008,1201.2751695030024,1148.7216159658396,1146.4078816290576
13,Georgia,25.576412651813296,25.733001576852022,29.27281149912943,26.847097223416746,25.787684580799716,1806.02355279033,1839.8766962327604,1841.872125725817
13,Illinois,21.631706439510005,21.63698781834442,22.62439009425782,22.04559913337375,21.66988851898877,2689.04692732517,2707.055074417418,2706.251755273704
13,Louisiana,18.535616918122738,18.482409664419887,21.125909394238633,19.507588996337493,18.551891632723077,337.46657641233156,339.301949479404,338.8282204844894
13,Massachusetts,29.21885408882512,29.31058847758451,32.44031934631291,30.670962080698004,29.422742247933133,2176.3872533345257,2195.7568380632074,2193.9207857808174
13,Michigan,45.072734506324146,44.95501251223087,49.60042649444254,47.01825608535186,45.1385339292378,4372.781642579247,4414.7032908876035,4412.630581885328
13,New York,25.08274875341549,24.903280296672406,27.034261339058897,25.75518168349463,24.965971040830766,6020.9667374417395,6042.326436440677,6044.097916786178
13,Oregon,26.14635773026838,26.19324463494125,28.104780650602848,27.042943743073437,26.263639559222344,1600.3776275411774,1616.3675498543464,1616.0644598736717
13,Tennessee,24.130451892270123,24.530025599878172,25.78557763363766,24.739030428199335,24.514735934724378,1133.2979525002152,1158.729626678017,1160.7623236034717
13,Texas,18.323542480872188,18.443267994175688,19.29812407468208,18.745590479082246,18.45971310307332,3724.8330881658762,3752.821867521181,3753.736575010384
13,Washington,16.37271974526943,16.1878467998291,17.284583490944378,16.631796655749948,16.221690166153262,1195.9869668065367,1196.3631206540779,1195.7169194525015
13,Wisconsin,30.532782200103618,30.077949756065305,31.907163836844855,30.85631888291105,30.143277567259663,1665.5466786370278,1670.8791176108286,1670.0880885692447
