horizon,agent,baseline_mape,permuted_mape,importance,std,n_cells
4,ar,2.5430236879678225,13.728632394278302,11.185608706310479,0.1254672120264991,5160
4,event,2.5430236879678225,2.543568928390547,0.0005452404227246355,0.0014764664215717856,5160
4,intrinsic,2.5430236879678225,2.543022764606111,-9.233617115356196e-07,3.376341524237786e-07,5160
4,macro,2.5430236879678225,2.5438388141655093,0.0008151261976867552,0.0012643384343135266,5160
4,seasonality,2.5430236879678225,23.058083643243506,20.515059955275685,0.21620960704427586,5160
8,ar,4.3506554231490755,14.582347357606668,10.231691934457594,0.13057451216184507,5160
8,event,4.3506554231490755,4.342670148189612,-0.007985274959463773,0.0015299294063001432,5160
8,intrinsic,4.3506554231490755,4.350652569126561,-2.85402251432032e-06,3.379795434960169e-07,5160
8,macro,4.3506554231490755,4.345190530110003,-0.005464893039072827,0.0011503779260611704,5160
8,seasonality,4.3506554231490755,22.97276286736272,18.622107444213647,0.22143048229034912,5160
13,ar,8.51871923318702,19.623903516174405,11.105184282987384,0.19441502029099814,5160
13,event,8.51871923318702,15.568655350864955,7.049936117677934,0.10498364482627837,5160
13,intrinsic,8.51871923318702,8.933957147160664,0.41523791397364285,0.029044984889521556,5160
13,macro,8.51871923318702,8.444752581270462,-0.07396665191655849,0.016253625619576856,5160
13,seasonality,8.51871923318702,8.683431773606923,0.16471254041990235,0.01841962788339893,5160
