horizon,msa,n,fused_mape,naive_mape,skill_vs_naive,beats_naive
4,Atlanta,174,1.5330686997922498,2.9276290070446604,0.4763446133020013,True
4,Boston,174,4.25766256233472,6.406750596926047,0.3354411884899121,True
4,Chicago,174,1.8212089913197547,3.638528097336395,0.49946545894396666,True
4,Dallas,174,1.9239803999562062,4.244681856450007,0.5467315419569969,True
4,Detroit,174,1.585000057150265,4.1949197762902735,0.6221620098413561,True
4,Houston,174,1.0447386032113137,2.5176692847071647,0.585037395674933,True
4,Los Angeles,174,2.011499073934848,3.9264959759485483,0.4877114133680176,True
4,Miami,174,1.1032059760665958,2.3111894917106386,0.5226674489377103,True
4,New York,174,1.4183704746929284,2.8008506936500877,0.4935929723392366,True
4,Philadelphia,174,1.753599913054091,3.1465402363290487,0.4426894997853418,True
4,Phoenix,174,1.973122726664797,3.843988652154612,0.48669912811557525,True
4,Riverside,174,1.605752654394004,3.312388063047821,0.5152281001409884,True
4,San Francisco,174,3.6782069850095933,6.893812110226486,0.4664480368484033,True
4,Seattle,174,3.25436638644764,7.755008268990809,0.5803529443726636,True
4,Washington DC,174,2.445572009202423,4.9842863879383765,0.5093436012985659,True
8,Atlanta,174,3.626167224318613,5.114395017662086,0.2909880422227883,True
8,Boston,174,8.408770925845168,11.015787973413287,0.23666187601469635,True
8,Chicago,174,4.123794201097314,6.550866531724334,0.3704963792001057,True
8,Dallas,174,5.008404487741254,7.219698137734143,0.3062861642975685,True
8,Detroit,174,4.4271213991019565,7.405227656423799,0.4021626876978496,True
8,Houston,174,2.613074029966798,4.437965462112989,0.41120000768940856,True
8,Los Angeles,174,4.767243470468986,6.949505392769202,0.3140168686782816,True
8,Miami,174,2.8086623274562115,3.972601962663676,0.29299175858711735,True
8,New York,174,3.2424763375902113,4.884671163215937,0.3361935268012082,True
8,Philadelphia,174,3.736381485884553,5.517960168984948,0.32286907272622156,True
8,Phoenix,174,4.958139917826901,6.543402711170219,0.24226887191844726,True
8,Riverside,174,4.300954988754301,5.798852323021435,0.2583092741162737,True
8,San Francisco,174,8.386272267833412,12.187775025551767,0.311911136343465,True
8,Seattle,174,8.486521402164017,14.124435634680028,0.3991603189208579,True
8,Washington DC,174,5.699672804974291,8.847582629415102,0.35579320999784925,True
13,Atlanta,174,5.400129099673674,7.61358366565202,0.2907244030119668,True
13,Boston,174,8.202796278645607,16.652208542334215,0.5074049032119685,True
13,Chicago,174,5.146994024678384,10.228896189973678,0.4968182363876714,True
13,Dallas,174,7.494209666464276,10.528730703043195,0.2882133774873574,True
13,Detroit,174,6.0801076398382135,11.17588419055132,0.45596182492847803,True
13,Houston,174,4.669314857649551,6.6903339247666755,0.30208044767924,True
13,Los Angeles,174,6.9106686435090054,10.524801398375148,0.3433920145442463,True
13,Miami,174,5.879063123031654,5.912037520948681,0.005577501462090906,True
13,New York,174,3.7179889534278696,7.438347294646874,0.5001592684300207,True
13,Philadelphia,174,5.178680383287769,8.389565960211648,0.3827236822681679,True
13,Phoenix,174,8.078139225891869,9.308912587123727,0.13221451482252478,True
13,Riverside,174,7.472371028174909,8.669942943724147,0.13812915763374378,True
13,San Francisco,174,10.017989479656379,18.529305331468873,0.4593434939710056,True
13,Seattle,174,10.866717648587889,22.260241979200003,0.5118329055568325,True
13,Washington DC,174,7.709394062354848,13.592211771713925,0.4328079791694768,True
